replicate,objective,epoch_size,target,budget,weight_profile,feasible,minimum_required_bytes,used_bytes,budget_utilization,adaptive_weighted_mean_error,adaptive_weighted_target_hit_rate,best_feasible_uniform,best_uniform_weighted_mean_error,best_uniform_weighted_target_hit_rate,error_improvement_fraction,target_hit_rate_gain,adaptive_wins_error,adaptive_wins_both
2019q1,minimize_weighted_mean_max_rank_error_subject_to_storage_budget,50000,0.01,250000,uniform,True,204960,249708,0.998832,0.006224,0.8833333333333333,uniform_k_64,0.0089664999999999,0.625,0.3058607037305523,0.2583333333333333,True,True
2019q1,minimize_weighted_mean_max_rank_error_subject_to_storage_budget,50000,0.01,250000,total_heavy,True,204960,249704,0.998816,0.0057625833333333,0.8875,uniform_k_64,0.009515,0.5875,0.3943685409003329,0.2999999999999999,True,True
2019q1,minimize_weighted_mean_max_rank_error_subject_to_storage_budget,50000,0.01,250000,seconds_heavy,True,204960,249704,0.998816,0.00508275,0.8875,uniform_k_64,0.0083679999999999,0.675,0.3925967973231352,0.2124999999999999,True,True
2019q1,minimize_weighted_mean_max_rank_error_subject_to_storage_budget,50000,0.01,300000,uniform,True,204960,299880,0.9996,0.0045198333333333,0.9833333333333332,uniform_k_64,0.0089664999999999,0.625,0.4959199985129835,0.3583333333333333,True,True
2019q1,minimize_weighted_mean_max_rank_error_subject_to_storage_budget,50000,0.01,300000,total_heavy,True,204960,299848,0.9994933333333332,0.0044786666666666,0.975,uniform_k_64,0.009515,0.5875,0.5293046067612543,0.3874999999999999,True,True
2019q1,minimize_weighted_mean_max_rank_error_subject_to_storage_budget,50000,0.01,300000,seconds_heavy,True,204960,299868,0.99956,0.00382875,0.975,uniform_k_64,0.0083679999999999,0.675,0.5424533938814526,0.2999999999999999,True,True
2019q1,minimize_weighted_mean_max_rank_error_subject_to_storage_budget,50000,0.005,250000,uniform,True,204960,249708,0.998832,0.006224,0.4083333333333333,uniform_k_64,0.0089664999999999,0.1666666666666666,0.3058607037305523,0.2416666666666666,True,True
2019q1,minimize_weighted_mean_max_rank_error_subject_to_storage_budget,50000,0.005,250000,total_heavy,True,204960,249704,0.998816,0.0057625833333333,0.5125,uniform_k_64,0.009515,0.1458333333333333,0.3943685409003329,0.3666666666666666,True,True
2019q1,minimize_weighted_mean_max_rank_error_subject_to_storage_budget,50000,0.005,250000,seconds_heavy,True,204960,249704,0.998816,0.00508275,0.6166666666666667,uniform_k_64,0.0083679999999999,0.2083333333333333,0.3925967973231352,0.4083333333333333,True,True
2019q1,minimize_weighted_mean_max_rank_error_subject_to_storage_budget,50000,0.005,300000,uniform,True,204960,299880,0.9996,0.0045198333333333,0.625,uniform_k_64,0.0089664999999999,0.1666666666666666,0.4959199985129835,0.4583333333333333,True,True
2019q1,minimize_weighted_mean_max_rank_error_subject_to_storage_budget,50000,0.005,300000,total_heavy,True,204960,299848,0.9994933333333332,0.0044786666666666,0.6833333333333333,uniform_k_64,0.009515,0.1458333333333333,0.5293046067612543,0.5375,True,True
2019q1,minimize_weighted_mean_max_rank_error_subject_to_storage_budget,50000,0.005,300000,seconds_heavy,True,204960,299868,0.99956,0.00382875,0.775,uniform_k_64,0.0083679999999999,0.2083333333333333,0.5424533938814526,0.5666666666666667,True,True
2019q1,minimize_weighted_mean_max_rank_error_subject_to_storage_budget,100000,0.01,150000,uniform,True,108000,149044,0.9936266666666668,0.0050706666666666,0.9666666666666668,uniform_k_64,0.0098821666666666,0.6,0.4868871536269039,0.3666666666666667,True,True
2019q1,minimize_weighted_mean_max_rank_error_subject_to_storage_budget,100000,0.01,150000,total_heavy,True,108000,149548,0.9969866666666668,0.0049857499999999,0.9666666666666668,uniform_k_64,0.0107198333333333,0.55,0.5349041496291921,0.4166666666666666,True,True
2019q1,minimize_weighted_mean_max_rank_error_subject_to_storage_budget,100000,0.01,150000,seconds_heavy,True,108000,149296,0.9953066666666668,0.0041710833333333,0.975,uniform_k_64,0.0093810833333333,0.6,0.5553729579917042,0.375,True,True
2019q1,minimize_weighted_mean_max_rank_error_subject_to_storage_budget,100000,0.01,200000,uniform,True,108000,198976,0.99488,0.0034004999999999,1.0,uniform_k_128,0.0041088333333333,1.0,0.1723928122338066,0.0,True,True
2019q1,minimize_weighted_mean_max_rank_error_subject_to_storage_budget,100000,0.01,200000,total_heavy,True,108000,199132,0.99566,0.0034008333333333,1.0,uniform_k_128,0.0044349166666666,1.0,0.2331686051973941,0.0,True,True
2019q1,minimize_weighted_mean_max_rank_error_subject_to_storage_budget,100000,0.01,200000,seconds_heavy,True,108000,198880,0.9944,0.0027045,1.0,uniform_k_128,0.0036999166666666,1.0,0.2690375909367315,0.0,True,True
2019q1,minimize_weighted_mean_max_rank_error_subject_to_storage_budget,100000,0.01,250000,uniform,True,108000,249724,0.998896,0.0026701666666666,1.0,uniform_k_128,0.0041088333333333,1.0,0.3501399424005197,0.0,True,True
2019q1,minimize_weighted_mean_max_rank_error_subject_to_storage_budget,100000,0.01,250000,total_heavy,True,108000,249724,0.998896,0.0027977499999999,1.0,uniform_k_128,0.0044349166666666,1.0,0.369153873616566,0.0,True,True
2019q1,minimize_weighted_mean_max_rank_error_subject_to_storage_budget,100000,0.01,250000,seconds_heavy,True,108000,249628,0.998512,0.0021299166666666,1.0,uniform_k_128,0.0036999166666666,1.0,0.4243338813937234,0.0,True,True
2019q1,minimize_weighted_mean_max_rank_error_subject_to_storage_budget,100000,0.01,300000,uniform,True,108000,299932,0.9997733333333332,0.002412,1.0,uniform_k_128,0.0041088333333333,1.0,0.4129720520829109,0.0,True,True
2019q1,minimize_weighted_mean_max_rank_error_subject_to_storage_budget,100000,0.01,300000,total_heavy,True,108000,299488,0.9982933333333334,0.0024919999999999,1.0,uniform_k_128,0.0044349166666666,1.0,0.4380954170503025,0.0,True,True
2019q1,minimize_weighted_mean_max_rank_error_subject_to_storage_budget,100000,0.01,300000,seconds_heavy,True,108000,299852,0.9995066666666668,0.001854,1.0,uniform_k_128,0.0036999166666666,1.0,0.4989076330547978,0.0,True,True
2019q1,minimize_weighted_mean_max_rank_error_subject_to_storage_budget,100000,0.005,150000,uniform,True,108000,149044,0.9936266666666668,0.0050706666666666,0.5166666666666667,uniform_k_64,0.0098821666666666,0.1166666666666666,0.4868871536269039,0.4,True,True
2019q1,minimize_weighted_mean_max_rank_error_subject_to_storage_budget,100000,0.005,150000,total_heavy,True,108000,149548,0.9969866666666668,0.0049857499999999,0.55,uniform_k_64,0.0107198333333333,0.0833333333333333,0.5349041496291921,0.4666666666666667,True,True
2019q1,minimize_weighted_mean_max_rank_error_subject_to_storage_budget,100000,0.005,150000,seconds_heavy,True,108000,149296,0.9953066666666668,0.0041710833333333,0.6916666666666667,uniform_k_64,0.0093810833333333,0.1583333333333333,0.5553729579917042,0.5333333333333333,True,True
2019q1,minimize_weighted_mean_max_rank_error_subject_to_storage_budget,100000,0.005,200000,uniform,True,108000,198976,0.99488,0.0034004999999999,0.7833333333333333,uniform_k_128,0.0041088333333333,0.6666666666666666,0.1723928122338066,0.1166666666666667,True,True
2019q1,minimize_weighted_mean_max_rank_error_subject_to_storage_budget,100000,0.005,200000,total_heavy,True,108000,199132,0.99566,0.0034008333333333,0.7583333333333333,uniform_k_128,0.0044349166666666,0.6083333333333333,0.2331686051973941,0.15,True,True
2019q1,minimize_weighted_mean_max_rank_error_subject_to_storage_budget,100000,0.005,200000,seconds_heavy,True,108000,198880,0.9944,0.0027045,0.7916666666666666,uniform_k_128,0.0036999166666666,0.7583333333333333,0.2690375909367315,0.0333333333333333,True,True
2019q1,minimize_weighted_mean_max_rank_error_subject_to_storage_budget,100000,0.005,250000,uniform,True,108000,249724,0.998896,0.0026701666666666,0.8333333333333334,uniform_k_128,0.0041088333333333,0.6666666666666666,0.3501399424005197,0.1666666666666667,True,True
2019q1,minimize_weighted_mean_max_rank_error_subject_to_storage_budget,100000,0.005,250000,total_heavy,True,108000,249724,0.998896,0.0027977499999999,0.8166666666666667,uniform_k_128,0.0044349166666666,0.6083333333333333,0.369153873616566,0.2083333333333333,True,True
2019q1,minimize_weighted_mean_max_rank_error_subject_to_storage_budget,100000,0.005,250000,seconds_heavy,True,108000,249628,0.998512,0.0021299166666666,0.8666666666666667,uniform_k_128,0.0036999166666666,0.7583333333333333,0.4243338813937234,0.1083333333333333,True,True
2019q1,minimize_weighted_mean_max_rank_error_subject_to_storage_budget,100000,0.005,300000,uniform,True,108000,299932,0.9997733333333332,0.002412,0.8333333333333334,uniform_k_128,0.0041088333333333,0.6666666666666666,0.4129720520829109,0.1666666666666667,True,True
2019q1,minimize_weighted_mean_max_rank_error_subject_to_storage_budget,100000,0.005,300000,total_heavy,True,108000,299488,0.9982933333333334,0.0024919999999999,0.8166666666666667,uniform_k_128,0.0044349166666666,0.6083333333333333,0.4380954170503025,0.2083333333333333,True,True
2019q1,minimize_weighted_mean_max_rank_error_subject_to_storage_budget,100000,0.005,300000,seconds_heavy,True,108000,299852,0.9995066666666668,0.001854,0.8666666666666667,uniform_k_128,0.0036999166666666,0.7583333333333333,0.4989076330547978,0.1083333333333333,True,True
2019q1,minimize_weighted_mean_max_rank_error_subject_to_storage_budget,200000,0.01,150000,uniform,True,55800,149636,0.9975733333333332,0.0030676666666666,1.0,uniform_k_128,0.0045543333333333,0.9666666666666668,0.3264290419380794,0.0333333333333333,True,True
2019q1,minimize_weighted_mean_max_rank_error_subject_to_storage_budget,200000,0.01,150000,total_heavy,True,55800,149636,0.9975733333333332,0.0031078333333333,1.0,uniform_k_128,0.0043556666666666,0.9833333333333332,0.2864850386469703,0.0166666666666667,True,True
2019q1,minimize_weighted_mean_max_rank_error_subject_to_storage_budget,200000,0.01,150000,seconds_heavy,True,55800,149988,0.99992,0.0028028333333333,1.0,uniform_k_128,0.0043314166666666,0.9833333333333332,0.3529060930796298,0.0166666666666667,True,True
2019q1,minimize_weighted_mean_max_rank_error_subject_to_storage_budget,200000,0.01,200000,uniform,True,55800,199280,0.9964,0.0035518333333333,1.0,uniform_k_256,0.001902,1.0,-0.8674202593760916,0.0,False,False
2019q1,minimize_weighted_mean_max_rank_error_subject_to_storage_budget,200000,0.01,200000,total_heavy,True,55800,199280,0.9964,0.0035269166666666,1.0,uniform_k_256,0.00198025,1.0,-0.781046164204851,0.0,False,False
2019q1,minimize_weighted_mean_max_rank_error_subject_to_storage_budget,200000,0.01,200000,seconds_heavy,True,55800,199280,0.9964,0.0035221666666666,1.0,uniform_k_256,0.00171075,1.0,-1.0588435871206552,0.0,False,False
2019q1,minimize_weighted_mean_max_rank_error_subject_to_storage_budget,200000,0.01,250000,uniform,True,55800,210744,0.842976,0.0035601666666666,1.0,uniform_k_256,0.001902,1.0,-0.8718016123378856,0.0,False,False
2019q1,minimize_weighted_mean_max_rank_error_subject_to_storage_budget,200000,0.01,250000,total_heavy,True,55800,210744,0.842976,0.0035435833333333,1.0,uniform_k_256,0.00198025,1.0,-0.7894626099398161,0.0,False,False
2019q1,minimize_weighted_mean_max_rank_error_subject_to_storage_budget,200000,0.01,250000,seconds_heavy,True,55800,210744,0.842976,0.0035263333333333,1.0,uniform_k_256,0.00171075,1.0,-1.0612791660577685,0.0,False,False
2019q1,minimize_weighted_mean_max_rank_error_subject_to_storage_budget,200000,0.01,300000,uniform,True,55800,210744,0.70248,0.0035601666666666,1.0,uniform_k_256,0.001902,1.0,-0.8718016123378856,0.0,False,False
2019q1,minimize_weighted_mean_max_rank_error_subject_to_storage_budget,200000,0.01,300000,total_heavy,True,55800,210744,0.70248,0.0035435833333333,1.0,uniform_k_256,0.00198025,1.0,-0.7894626099398161,0.0,False,False
2019q1,minimize_weighted_mean_max_rank_error_subject_to_storage_budget,200000,0.01,300000,seconds_heavy,True,55800,210744,0.70248,0.0035263333333333,1.0,uniform_k_256,0.00171075,1.0,-1.0612791660577685,0.0,False,False
2019q1,minimize_weighted_mean_max_rank_error_subject_to_storage_budget,200000,0.005,150000,uniform,True,55800,149636,0.9975733333333332,0.0030676666666666,0.7666666666666667,uniform_k_128,0.0045543333333333,0.6,0.3264290419380794,0.1666666666666667,True,True
2019q1,minimize_weighted_mean_max_rank_error_subject_to_storage_budget,200000,0.005,150000,total_heavy,True,55800,149636,0.9975733333333332,0.0031078333333333,0.7333333333333333,uniform_k_128,0.0043556666666666,0.65,0.2864850386469703,0.0833333333333332,True,True
2019q1,minimize_weighted_mean_max_rank_error_subject_to_storage_budget,200000,0.005,150000,seconds_heavy,True,55800,149988,0.99992,0.0028028333333333,0.8333333333333334,uniform_k_128,0.0043314166666666,0.6,0.3529060930796298,0.2333333333333334,True,True
2019q1,minimize_weighted_mean_max_rank_error_subject_to_storage_budget,200000,0.005,200000,uniform,True,55800,199280,0.9964,0.0035518333333333,0.7,uniform_k_256,0.001902,1.0,-0.8674202593760916,-0.3,False,False
2019q1,minimize_weighted_mean_max_rank_error_subject_to_storage_budget,200000,0.005,200000,total_heavy,True,55800,199280,0.9964,0.0035269166666666,0.7,uniform_k_256,0.00198025,1.0,-0.781046164204851,-0.3,False,False
2019q1,minimize_weighted_mean_max_rank_error_subject_to_storage_budget,200000,0.005,200000,seconds_heavy,True,55800,199280,0.9964,0.0035221666666666,0.7,uniform_k_256,0.00171075,1.0,-1.0588435871206552,-0.3,False,False
2019q1,minimize_weighted_mean_max_rank_error_subject_to_storage_budget,200000,0.005,250000,uniform,True,55800,210744,0.842976,0.0035601666666666,0.7,uniform_k_256,0.001902,1.0,-0.8718016123378856,-0.3,False,False
2019q1,minimize_weighted_mean_max_rank_error_subject_to_storage_budget,200000,0.005,250000,total_heavy,True,55800,210744,0.842976,0.0035435833333333,0.7,uniform_k_256,0.00198025,1.0,-0.7894626099398161,-0.3,False,False
2019q1,minimize_weighted_mean_max_rank_error_subject_to_storage_budget,200000,0.005,250000,seconds_heavy,True,55800,210744,0.842976,0.0035263333333333,0.7,uniform_k_256,0.00171075,1.0,-1.0612791660577685,-0.3,False,False
2019q1,minimize_weighted_mean_max_rank_error_subject_to_storage_budget,200000,0.005,300000,uniform,True,55800,210744,0.70248,0.0035601666666666,0.7,uniform_k_256,0.001902,1.0,-0.8718016123378856,-0.3,False,False
2019q1,minimize_weighted_mean_max_rank_error_subject_to_storage_budget,200000,0.005,300000,total_heavy,True,55800,210744,0.70248,0.0035435833333333,0.7,uniform_k_256,0.00198025,1.0,-0.7894626099398161,-0.3,False,False
2019q1,minimize_weighted_mean_max_rank_error_subject_to_storage_budget,200000,0.005,300000,seconds_heavy,True,55800,210744,0.70248,0.0035263333333333,0.7,uniform_k_256,0.00171075,1.0,-1.0612791660577685,-0.3,False,False
2019q2,minimize_weighted_mean_max_rank_error_subject_to_storage_budget,50000,0.01,250000,uniform,True,204960,249708,0.998832,0.0070345,0.775,uniform_k_64,0.010169,0.525,0.3082407316353621,0.25,True,True
2019q2,minimize_weighted_mean_max_rank_error_subject_to_storage_budget,50000,0.01,250000,total_heavy,True,204960,249708,0.998832,0.0063215833333333,0.85,uniform_k_64,0.01054525,0.5125,0.4005278838023439,0.3375,True,True
2019q2,minimize_weighted_mean_max_rank_error_subject_to_storage_budget,50000,0.01,250000,seconds_heavy,True,204960,249704,0.998816,0.0065363333333333,0.8333333333333334,uniform_k_64,0.009702,0.5875,0.3262901120043974,0.2458333333333333,True,True
2019q2,minimize_weighted_mean_max_rank_error_subject_to_storage_budget,50000,0.01,300000,uniform,True,204960,299880,0.9996,0.0054106666666666,0.9666666666666668,uniform_k_64,0.010169,0.525,0.4679253941718293,0.4416666666666666,True,True
2019q2,minimize_weighted_mean_max_rank_error_subject_to_storage_budget,50000,0.01,300000,total_heavy,True,204960,299856,0.99952,0.0049954166666666,0.9458333333333332,uniform_k_64,0.01054525,0.5125,0.5262875070134261,0.4333333333333333,True,True
2019q2,minimize_weighted_mean_max_rank_error_subject_to_storage_budget,50000,0.01,300000,seconds_heavy,True,204960,299852,0.9995066666666668,0.0052175833333333,0.9375,uniform_k_64,0.009702,0.5875,0.4622156943585513,0.35,True,True
2019q2,minimize_weighted_mean_max_rank_error_subject_to_storage_budget,50000,0.005,250000,uniform,True,204960,249708,0.998832,0.0070345,0.3333333333333333,uniform_k_64,0.010169,0.0916666666666666,0.3082407316353621,0.2416666666666666,True,True
2019q2,minimize_weighted_mean_max_rank_error_subject_to_storage_budget,50000,0.005,250000,total_heavy,True,204960,249708,0.998832,0.0063215833333333,0.3875,uniform_k_64,0.01054525,0.0833333333333333,0.4005278838023439,0.3041666666666667,True,True
2019q2,minimize_weighted_mean_max_rank_error_subject_to_storage_budget,50000,0.005,250000,seconds_heavy,True,204960,249704,0.998816,0.0065363333333333,0.3666666666666666,uniform_k_64,0.009702,0.1083333333333333,0.3262901120043974,0.2583333333333333,True,True
2019q2,minimize_weighted_mean_max_rank_error_subject_to_storage_budget,50000,0.005,300000,uniform,True,204960,299880,0.9996,0.0054106666666666,0.4833333333333333,uniform_k_64,0.010169,0.0916666666666666,0.4679253941718293,0.3916666666666666,True,True
2019q2,minimize_weighted_mean_max_rank_error_subject_to_storage_budget,50000,0.005,300000,total_heavy,True,204960,299856,0.99952,0.0049954166666666,0.5583333333333333,uniform_k_64,0.01054525,0.0833333333333333,0.5262875070134261,0.475,True,True
2019q2,minimize_weighted_mean_max_rank_error_subject_to_storage_budget,50000,0.005,300000,seconds_heavy,True,204960,299852,0.9995066666666668,0.0052175833333333,0.5125,uniform_k_64,0.009702,0.1083333333333333,0.4622156943585513,0.4041666666666666,True,True
2019q2,minimize_weighted_mean_max_rank_error_subject_to_storage_budget,100000,0.01,150000,uniform,True,108000,149044,0.9936266666666668,0.0054141666666666,1.0,uniform_k_64,0.0091858333333333,0.7,0.410596026490066,0.3,True,True
2019q2,minimize_weighted_mean_max_rank_error_subject_to_storage_budget,100000,0.01,150000,total_heavy,True,108000,149800,0.9986666666666668,0.0052256666666666,0.975,uniform_k_64,0.0099291666666666,0.65,0.4737054133445246,0.3249999999999999,True,True
2019q2,minimize_weighted_mean_max_rank_error_subject_to_storage_budget,100000,0.01,150000,seconds_heavy,True,108000,149548,0.9969866666666668,0.005005,0.9833333333333332,uniform_k_64,0.0083224166666666,0.775,0.3986121819583642,0.2083333333333332,True,True
2019q2,minimize_weighted_mean_max_rank_error_subject_to_storage_budget,100000,0.01,200000,uniform,True,108000,199228,0.99614,0.003966,1.0,uniform_k_128,0.0049681666666666,0.9666666666666668,0.2017176020664892,0.0333333333333333,True,True
2019q2,minimize_weighted_mean_max_rank_error_subject_to_storage_budget,100000,0.01,200000,total_heavy,True,108000,199540,0.9977,0.0036438333333333,1.0,uniform_k_128,0.0050603333333333,0.9833333333333332,0.2799222712601275,0.0166666666666667,True,True
2019q2,minimize_weighted_mean_max_rank_error_subject_to_storage_budget,100000,0.01,200000,seconds_heavy,True,108000,198880,0.9944,0.0038491666666666,1.0,uniform_k_128,0.0052183333333333,0.9333333333333332,0.2623762376237626,0.0666666666666666,True,True
2019q2,minimize_weighted_mean_max_rank_error_subject_to_storage_budget,100000,0.01,250000,uniform,True,108000,249348,0.997392,0.0032206666666666,1.0,uniform_k_128,0.0049681666666666,0.9666666666666668,0.3517394075614748,0.0333333333333333,True,True
2019q2,minimize_weighted_mean_max_rank_error_subject_to_storage_budget,100000,0.01,250000,total_heavy,True,108000,249532,0.998128,0.002983,1.0,uniform_k_128,0.0050603333333333,0.9833333333333332,0.4105131414267825,0.0166666666666667,True,True
2019q2,minimize_weighted_mean_max_rank_error_subject_to_storage_budget,100000,0.01,250000,seconds_heavy,True,108000,249280,0.99712,0.0032620833333333,1.0,uniform_k_128,0.0052183333333333,0.9333333333333332,0.3748802299584796,0.0666666666666666,True,True
2019q2,minimize_weighted_mean_max_rank_error_subject_to_storage_budget,100000,0.01,300000,uniform,True,108000,299460,0.9982,0.0027724999999999,1.0,uniform_k_128,0.0049681666666666,0.9666666666666668,0.4419470629675606,0.0333333333333333,True,True
2019q2,minimize_weighted_mean_max_rank_error_subject_to_storage_budget,100000,0.01,300000,total_heavy,True,108000,299016,0.99672,0.0026360833333333,1.0,uniform_k_128,0.0050603333333333,0.9833333333333332,0.4790692312759377,0.0166666666666667,True,True
2019q2,minimize_weighted_mean_max_rank_error_subject_to_storage_budget,100000,0.01,300000,seconds_heavy,True,108000,298860,0.9962,0.00296025,1.0,uniform_k_128,0.0052183333333333,0.9333333333333332,0.4327211753433408,0.0666666666666666,True,True
2019q2,minimize_weighted_mean_max_rank_error_subject_to_storage_budget,100000,0.005,150000,uniform,True,108000,149044,0.9936266666666668,0.0054141666666666,0.4,uniform_k_64,0.0091858333333333,0.0833333333333333,0.410596026490066,0.3166666666666667,True,True
2019q2,minimize_weighted_mean_max_rank_error_subject_to_storage_budget,100000,0.005,150000,total_heavy,True,108000,149800,0.9986666666666668,0.0052256666666666,0.5166666666666667,uniform_k_64,0.0099291666666666,0.0416666666666666,0.4737054133445246,0.475,True,True
2019q2,minimize_weighted_mean_max_rank_error_subject_to_storage_budget,100000,0.005,150000,seconds_heavy,True,108000,149548,0.9969866666666668,0.005005,0.4833333333333333,uniform_k_64,0.0083224166666666,0.0916666666666666,0.3986121819583642,0.3916666666666666,True,True
2019q2,minimize_weighted_mean_max_rank_error_subject_to_storage_budget,100000,0.005,200000,uniform,True,108000,199228,0.99614,0.003966,0.7,uniform_k_128,0.0049681666666666,0.5166666666666667,0.2017176020664892,0.1833333333333332,True,True
2019q2,minimize_weighted_mean_max_rank_error_subject_to_storage_budget,100000,0.005,200000,total_heavy,True,108000,199540,0.9977,0.0036438333333333,0.7583333333333333,uniform_k_128,0.0050603333333333,0.5083333333333333,0.2799222712601275,0.25,True,True
2019q2,minimize_weighted_mean_max_rank_error_subject_to_storage_budget,100000,0.005,200000,seconds_heavy,True,108000,198880,0.9944,0.0038491666666666,0.625,uniform_k_128,0.0052183333333333,0.4833333333333333,0.2623762376237626,0.1416666666666666,True,True
2019q2,minimize_weighted_mean_max_rank_error_subject_to_storage_budget,100000,0.005,250000,uniform,True,108000,249348,0.997392,0.0032206666666666,0.8333333333333334,uniform_k_128,0.0049681666666666,0.5166666666666667,0.3517394075614748,0.3166666666666666,True,True
2019q2,minimize_weighted_mean_max_rank_error_subject_to_storage_budget,100000,0.005,250000,total_heavy,True,108000,249532,0.998128,0.002983,0.8333333333333334,uniform_k_128,0.0050603333333333,0.5083333333333333,0.4105131414267825,0.325,True,True
2019q2,minimize_weighted_mean_max_rank_error_subject_to_storage_budget,100000,0.005,250000,seconds_heavy,True,108000,249280,0.99712,0.0032620833333333,0.6916666666666667,uniform_k_128,0.0052183333333333,0.4833333333333333,0.3748802299584796,0.2083333333333333,True,True
2019q2,minimize_weighted_mean_max_rank_error_subject_to_storage_budget,100000,0.005,300000,uniform,True,108000,299460,0.9982,0.0027724999999999,0.85,uniform_k_128,0.0049681666666666,0.5166666666666667,0.4419470629675606,0.3333333333333332,True,True
2019q2,minimize_weighted_mean_max_rank_error_subject_to_storage_budget,100000,0.005,300000,total_heavy,True,108000,299016,0.99672,0.0026360833333333,0.8666666666666667,uniform_k_128,0.0050603333333333,0.5083333333333333,0.4790692312759377,0.3583333333333334,True,True
2019q2,minimize_weighted_mean_max_rank_error_subject_to_storage_budget,100000,0.005,300000,seconds_heavy,True,108000,298860,0.9962,0.00296025,0.7416666666666667,uniform_k_128,0.0052183333333333,0.4833333333333333,0.4327211753433408,0.2583333333333333,True,True
2019q2,minimize_weighted_mean_max_rank_error_subject_to_storage_budget,200000,0.01,150000,uniform,True,55800,149076,0.99384,0.0030868333333333,0.9666666666666668,uniform_k_128,0.0052186666666666,0.9333333333333332,0.4085015329586117,0.0333333333333333,True,True
2019q2,minimize_weighted_mean_max_rank_error_subject_to_storage_budget,200000,0.01,150000,total_heavy,True,55800,149284,0.9952266666666668,0.0028208333333333,0.9833333333333332,uniform_k_128,0.0055925833333333,0.9666666666666668,0.4956117477015718,0.0166666666666666,True,True
2019q2,minimize_weighted_mean_max_rank_error_subject_to_storage_budget,200000,0.01,150000,seconds_heavy,True,55800,149184,0.99456,0.0031459166666666,0.9333333333333332,uniform_k_128,0.0050060833333333,0.9166666666666666,0.3715812428212347,0.0166666666666667,True,True
2019q2,minimize_weighted_mean_max_rank_error_subject_to_storage_budget,200000,0.01,200000,uniform,True,55800,198992,0.99496,0.0027473333333333,0.9666666666666668,uniform_k_256,0.0024293333333333,1.0,-0.1309001097694841,-0.0333333333333333,False,False
2019q2,minimize_weighted_mean_max_rank_error_subject_to_storage_budget,200000,0.01,200000,total_heavy,True,55800,199344,0.99672,0.0024497499999999,0.9833333333333332,uniform_k_256,0.0024584166666666,1.0,0.0035253042269779,-0.0166666666666667,True,False
2019q2,minimize_weighted_mean_max_rank_error_subject_to_storage_budget,200000,0.01,200000,seconds_heavy,True,55800,199236,0.99618,0.0029054999999999,0.9333333333333332,uniform_k_256,0.0024756666666666,1.0,-0.1736232664602131,-0.0666666666666666,False,False
2019q2,minimize_weighted_mean_max_rank_error_subject_to_storage_budget,200000,0.01,250000,uniform,True,55800,249748,0.998992,0.0026769999999999,0.9666666666666668,uniform_k_256,0.0024293333333333,1.0,-0.1019484083424826,-0.0333333333333333,False,False
2019q2,minimize_weighted_mean_max_rank_error_subject_to_storage_budget,200000,0.01,250000,total_heavy,True,55800,249748,0.998992,0.0023653333333333,0.9833333333333332,uniform_k_256,0.0024584166666666,1.0,0.0378631232839574,-0.0166666666666667,True,False
2019q2,minimize_weighted_mean_max_rank_error_subject_to_storage_budget,200000,0.01,250000,seconds_heavy,True,55800,249748,0.998992,0.0028517499999999,0.9333333333333332,uniform_k_256,0.0024756666666666,1.0,-0.1519119429110025,-0.0666666666666666,False,False
2019q2,minimize_weighted_mean_max_rank_error_subject_to_storage_budget,200000,0.01,300000,uniform,True,55800,299292,0.99764,0.0028233333333333,0.9333333333333332,uniform_k_256,0.0024293333333333,1.0,-0.1621844127332616,-0.0666666666666666,False,False
2019q2,minimize_weighted_mean_max_rank_error_subject_to_storage_budget,200000,0.01,300000,total_heavy,True,55800,299292,0.99764,0.0024239166666666,0.9666666666666668,uniform_k_256,0.0024584166666666,1.0,0.0140334225958466,-0.0333333333333333,True,False
2019q2,minimize_weighted_mean_max_rank_error_subject_to_storage_budget,200000,0.01,300000,seconds_heavy,True,55800,299292,0.99764,0.0029436666666666,0.9166666666666666,uniform_k_256,0.0024756666666666,1.0,-0.1890399892284917,-0.0833333333333333,False,False
2019q2,minimize_weighted_mean_max_rank_error_subject_to_storage_budget,200000,0.005,150000,uniform,True,55800,149076,0.99384,0.0030868333333333,0.8333333333333334,uniform_k_128,0.0052186666666666,0.6666666666666666,0.4085015329586117,0.1666666666666667,True,True
2019q2,minimize_weighted_mean_max_rank_error_subject_to_storage_budget,200000,0.005,150000,total_heavy,True,55800,149284,0.9952266666666668,0.0028208333333333,0.8666666666666667,uniform_k_128,0.0055925833333333,0.6333333333333333,0.4956117477015718,0.2333333333333334,True,True
2019q2,minimize_weighted_mean_max_rank_error_subject_to_storage_budget,200000,0.005,150000,seconds_heavy,True,55800,149184,0.99456,0.0031459166666666,0.8166666666666667,uniform_k_128,0.0050060833333333,0.6833333333333333,0.3715812428212347,0.1333333333333333,True,True
2019q2,minimize_weighted_mean_max_rank_error_subject_to_storage_budget,200000,0.005,200000,uniform,True,55800,198992,0.99496,0.0027473333333333,0.8333333333333334,uniform_k_256,0.0024293333333333,0.9666666666666668,-0.1309001097694841,-0.1333333333333333,False,False
2019q2,minimize_weighted_mean_max_rank_error_subject_to_storage_budget,200000,0.005,200000,total_heavy,True,55800,199344,0.99672,0.0024497499999999,0.8666666666666667,uniform_k_256,0.0024584166666666,0.9333333333333332,0.0035253042269779,-0.0666666666666666,True,False
2019q2,minimize_weighted_mean_max_rank_error_subject_to_storage_budget,200000,0.005,200000,seconds_heavy,True,55800,199236,0.99618,0.0029054999999999,0.8166666666666667,uniform_k_256,0.0024756666666666,0.9833333333333332,-0.1736232664602131,-0.1666666666666666,False,False
2019q2,minimize_weighted_mean_max_rank_error_subject_to_storage_budget,200000,0.005,250000,uniform,True,55800,249748,0.998992,0.0026769999999999,0.8333333333333334,uniform_k_256,0.0024293333333333,0.9666666666666668,-0.1019484083424826,-0.1333333333333333,False,False
2019q2,minimize_weighted_mean_max_rank_error_subject_to_storage_budget,200000,0.005,250000,total_heavy,True,55800,249748,0.998992,0.0023653333333333,0.8666666666666667,uniform_k_256,0.0024584166666666,0.9333333333333332,0.0378631232839574,-0.0666666666666666,True,False
2019q2,minimize_weighted_mean_max_rank_error_subject_to_storage_budget,200000,0.005,250000,seconds_heavy,True,55800,249748,0.998992,0.0028517499999999,0.8166666666666667,uniform_k_256,0.0024756666666666,0.9833333333333332,-0.1519119429110025,-0.1666666666666666,False,False
2019q2,minimize_weighted_mean_max_rank_error_subject_to_storage_budget,200000,0.005,300000,uniform,True,55800,299292,0.99764,0.0028233333333333,0.8333333333333334,uniform_k_256,0.0024293333333333,0.9666666666666668,-0.1621844127332616,-0.1333333333333333,False,False
2019q2,minimize_weighted_mean_max_rank_error_subject_to_storage_budget,200000,0.005,300000,total_heavy,True,55800,299292,0.99764,0.0024239166666666,0.8666666666666667,uniform_k_256,0.0024584166666666,0.9333333333333332,0.0140334225958466,-0.0666666666666666,True,False
2019q2,minimize_weighted_mean_max_rank_error_subject_to_storage_budget,200000,0.005,300000,seconds_heavy,True,55800,299292,0.99764,0.0029436666666666,0.8166666666666667,uniform_k_256,0.0024756666666666,0.9833333333333332,-0.1890399892284917,-0.1666666666666666,False,False
2019q3,minimize_weighted_mean_max_rank_error_subject_to_storage_budget,50000,0.01,150000,uniform,True,133136,149408,0.9960533333333332,0.0092959310824503,0.5769230769230769,uniform_k_64,0.011218238774758,0.4230769230769231,0.1713555693459698,0.1538461538461538,True,True
2019q3,minimize_weighted_mean_max_rank_error_subject_to_storage_budget,50000,0.01,150000,total_heavy,True,133136,149408,0.9960533333333332,0.0082824944239713,0.7243589743589743,uniform_k_64,0.0111250585265354,0.4423076923076923,0.2555100358154548,0.282051282051282,True,True
2019q3,minimize_weighted_mean_max_rank_error_subject_to_storage_budget,50000,0.01,150000,seconds_heavy,True,133136,149448,0.99632,0.0084381090249062,0.6858974358974359,uniform_k_64,0.0115007220958205,0.4038461538461538,0.2662974590114875,0.282051282051282,True,True
2019q3,minimize_weighted_mean_max_rank_error_subject_to_storage_budget,50000,0.01,200000,uniform,True,133136,199692,0.99846,0.0059015571914412,0.9487179487179488,uniform_k_64,0.011218238774758,0.4230769230769231,0.4739319326380994,0.5256410256410255,True,True
2019q3,minimize_weighted_mean_max_rank_error_subject_to_storage_budget,50000,0.01,200000,total_heavy,True,133136,199628,0.99814,0.0056119688468974,0.9102564102564102,uniform_k_64,0.0111250585265354,0.4423076923076923,0.4955560158616829,0.4679487179487179,True,True
2019q3,minimize_weighted_mean_max_rank_error_subject_to_storage_budget,50000,0.01,200000,seconds_heavy,True,133136,199684,0.99842,0.0054038461511698,0.9294871794871796,uniform_k_64,0.0115007220958205,0.4038461538461538,0.5301298382704498,0.5256410256410257,True,True
2019q3,minimize_weighted_mean_max_rank_error_subject_to_storage_budget,50000,0.01,250000,uniform,True,133136,249812,0.999248,0.0045661725760566,0.9871794871794872,uniform_k_128,0.0054341212940053,1.0,0.1597219993794006,-0.0128205128205127,True,False
2019q3,minimize_weighted_mean_max_rank_error_subject_to_storage_budget,50000,0.01,250000,total_heavy,True,133136,249808,0.999232,0.0041723412201945,0.9871794871794872,uniform_k_128,0.0055315719894253,1.0,0.2457223320656771,-0.0128205128205127,True,False
2019q3,minimize_weighted_mean_max_rank_error_subject_to_storage_budget,50000,0.01,250000,seconds_heavy,True,133136,249812,0.999248,0.0041098364895683,0.9871794871794872,uniform_k_128,0.0052978573984124,1.0,0.2242455429623369,-0.0128205128205127,True,False
2019q3,minimize_weighted_mean_max_rank_error_subject_to_storage_budget,50000,0.01,300000,uniform,True,133136,299924,0.9997466666666668,0.0038039786660998,1.0,uniform_k_128,0.0054341212940053,1.0,0.2999827460060278,0.0,True,True
2019q3,minimize_weighted_mean_max_rank_error_subject_to_storage_budget,50000,0.01,300000,total_heavy,True,133136,299128,0.9970933333333334,0.003583879681733,1.0,uniform_k_128,0.0055315719894253,1.0,0.3521046659820563,0.0,True,True
2019q3,minimize_weighted_mean_max_rank_error_subject_to_storage_budget,50000,0.01,300000,seconds_heavy,True,133136,298944,0.99648,0.0034768877716196,1.0,uniform_k_128,0.0052978573984124,1.0,0.3437181278866482,0.0,True,True
2019q3,minimize_weighted_mean_max_rank_error_subject_to_storage_budget,50000,0.005,150000,uniform,True,133136,149408,0.9960533333333332,0.0092959310824503,0.1282051282051282,uniform_k_64,0.011218238774758,0.0512820512820512,0.1713555693459698,0.0769230769230769,True,True
2019q3,minimize_weighted_mean_max_rank_error_subject_to_storage_budget,50000,0.005,150000,total_heavy,True,133136,149408,0.9960533333333332,0.0082824944239713,0.1987179487179487,uniform_k_64,0.0111250585265354,0.0448717948717948,0.2555100358154548,0.1538461538461538,True,True
2019q3,minimize_weighted_mean_max_rank_error_subject_to_storage_budget,50000,0.005,150000,seconds_heavy,True,133136,149448,0.99632,0.0084381090249062,0.2243589743589743,uniform_k_64,0.0115007220958205,0.0448717948717948,0.2662974590114875,0.1794871794871795,True,True
2019q3,minimize_weighted_mean_max_rank_error_subject_to_storage_budget,50000,0.005,200000,uniform,True,133136,199692,0.99846,0.0059015571914412,0.4230769230769231,uniform_k_64,0.011218238774758,0.0512820512820512,0.4739319326380994,0.3717948717948718,True,True
2019q3,minimize_weighted_mean_max_rank_error_subject_to_storage_budget,50000,0.005,200000,total_heavy,True,133136,199628,0.99814,0.0056119688468974,0.4807692307692308,uniform_k_64,0.0111250585265354,0.0448717948717948,0.4955560158616829,0.4358974358974359,True,True
2019q3,minimize_weighted_mean_max_rank_error_subject_to_storage_budget,50000,0.005,200000,seconds_heavy,True,133136,199684,0.99842,0.0054038461511698,0.5448717948717948,uniform_k_64,0.0115007220958205,0.0448717948717948,0.5301298382704498,0.4999999999999999,True,True
2019q3,minimize_weighted_mean_max_rank_error_subject_to_storage_budget,50000,0.005,250000,uniform,True,133136,249812,0.999248,0.0045661725760566,0.6282051282051282,uniform_k_128,0.0054341212940053,0.4615384615384615,0.1597219993794006,0.1666666666666666,True,True
2019q3,minimize_weighted_mean_max_rank_error_subject_to_storage_budget,50000,0.005,250000,total_heavy,True,133136,249808,0.999232,0.0041723412201945,0.7051282051282052,uniform_k_128,0.0055315719894253,0.4230769230769231,0.2457223320656771,0.2820512820512821,True,True
2019q3,minimize_weighted_mean_max_rank_error_subject_to_storage_budget,50000,0.005,250000,seconds_heavy,True,133136,249812,0.999248,0.0041098364895683,0.7307692307692307,uniform_k_128,0.0052978573984124,0.5192307692307693,0.2242455429623369,0.2115384615384614,True,True
2019q3,minimize_weighted_mean_max_rank_error_subject_to_storage_budget,50000,0.005,300000,uniform,True,133136,299924,0.9997466666666668,0.0038039786660998,0.7948717948717948,uniform_k_128,0.0054341212940053,0.4615384615384615,0.2999827460060278,0.3333333333333332,True,True
2019q3,minimize_weighted_mean_max_rank_error_subject_to_storage_budget,50000,0.005,300000,total_heavy,True,133136,299128,0.9970933333333334,0.003583879681733,0.8012820512820513,uniform_k_128,0.0055315719894253,0.4230769230769231,0.3521046659820563,0.3782051282051282,True,True
2019q3,minimize_weighted_mean_max_rank_error_subject_to_storage_budget,50000,0.005,300000,seconds_heavy,True,133136,298944,0.99648,0.0034768877716196,0.7884615384615384,uniform_k_128,0.0052978573984124,0.5192307692307693,0.3437181278866482,0.2692307692307691,True,True
2019q3,minimize_weighted_mean_max_rank_error_subject_to_storage_budget,100000,0.01,150000,uniform,True,70136,149820,0.9988,0.004213083887404,1.0,uniform_k_128,0.005667442861763,1.0,0.2566164335191098,0.0,True,True
2019q3,minimize_weighted_mean_max_rank_error_subject_to_storage_budget,100000,0.01,150000,total_heavy,True,70136,149024,0.9934933333333332,0.003533768521468,1.0,uniform_k_128,0.00557846407301,1.0,0.366533785067246,0.0,True,True
2019q3,minimize_weighted_mean_max_rank_error_subject_to_storage_budget,100000,0.01,150000,seconds_heavy,True,70136,149952,0.99968,0.0037490907449885,1.0,uniform_k_128,0.0054847285041235,1.0,0.3164491656843331,0.0,True,True
2019q3,minimize_weighted_mean_max_rank_error_subject_to_storage_budget,100000,0.01,200000,uniform,True,70136,200000,1.0,0.0030308659500143,1.0,uniform_k_128,0.005667442861763,1.0,0.4652145554985883,0.0,True,True
2019q3,minimize_weighted_mean_max_rank_error_subject_to_storage_budget,100000,0.01,200000,total_heavy,True,70136,199304,0.99652,0.002691589850915,1.0,uniform_k_128,0.00557846407301,1.0,0.5175034174841024,0.0,True,True
2019q3,minimize_weighted_mean_max_rank_error_subject_to_storage_budget,100000,0.01,200000,seconds_heavy,True,70136,199652,0.99826,0.0028237501904363,1.0,uniform_k_128,0.0054847285041235,1.0,0.4851613551494058,0.0,True,True
2019q3,minimize_weighted_mean_max_rank_error_subject_to_storage_budget,100000,0.01,250000,uniform,True,70136,249692,0.998768,0.0025004981333459,1.0,uniform_k_256,0.0024640878769357,1.0,-0.0147763627876509,0.0,False,False
2019q3,minimize_weighted_mean_max_rank_error_subject_to_storage_budget,100000,0.01,250000,total_heavy,True,70136,249692,0.998768,0.002198970045145,1.0,uniform_k_256,0.0022253803015552,1.0,0.0118677497018369,0.0,True,True
2019q3,minimize_weighted_mean_max_rank_error_subject_to_storage_budget,100000,0.01,250000,seconds_heavy,True,70136,249416,0.997664,0.0023273399340261,1.0,uniform_k_256,0.0026045919231278,1.0,0.1064473811194097,0.0,True,True
2019q3,minimize_weighted_mean_max_rank_error_subject_to_storage_budget,100000,0.01,300000,uniform,True,70136,299108,0.9970266666666666,0.0021946006974485,1.0,uniform_k_256,0.0024640878769357,1.0,0.1093658964071944,0.0,True,True
2019q3,minimize_weighted_mean_max_rank_error_subject_to_storage_budget,100000,0.01,300000,total_heavy,True,70136,299836,0.9994533333333332,0.001955893122068,1.0,uniform_k_256,0.0022253803015552,1.0,0.1210971353070939,0.0,True,True
2019q3,minimize_weighted_mean_max_rank_error_subject_to_storage_budget,100000,0.01,300000,seconds_heavy,True,70136,299124,0.99708,0.0021254893590252,1.0,uniform_k_256,0.0026045919231278,1.0,0.1839453466196761,0.0,True,True
2019q3,minimize_weighted_mean_max_rank_error_subject_to_storage_budget,100000,0.005,150000,uniform,True,70136,149820,0.9988,0.004213083887404,0.6923076923076923,uniform_k_128,0.005667442861763,0.4102564102564102,0.2566164335191098,0.282051282051282,True,True
2019q3,minimize_weighted_mean_max_rank_error_subject_to_storage_budget,100000,0.005,150000,total_heavy,True,70136,149024,0.9934933333333332,0.003533768521468,0.782051282051282,uniform_k_128,0.00557846407301,0.3974358974358974,0.366533785067246,0.3846153846153846,True,True
2019q3,minimize_weighted_mean_max_rank_error_subject_to_storage_budget,100000,0.005,150000,seconds_heavy,True,70136,149952,0.99968,0.0037490907449885,0.7051282051282052,uniform_k_128,0.0054847285041235,0.4743589743589743,0.3164491656843331,0.2307692307692308,True,True
2019q3,minimize_weighted_mean_max_rank_error_subject_to_storage_budget,100000,0.005,200000,uniform,True,70136,200000,1.0,0.0030308659500143,0.8461538461538461,uniform_k_128,0.005667442861763,0.4102564102564102,0.4652145554985883,0.4358974358974359,True,True
2019q3,minimize_weighted_mean_max_rank_error_subject_to_storage_budget,100000,0.005,200000,total_heavy,True,70136,199304,0.99652,0.002691589850915,0.8589743589743589,uniform_k_128,0.00557846407301,0.3974358974358974,0.5175034174841024,0.4615384615384615,True,True
2019q3,minimize_weighted_mean_max_rank_error_subject_to_storage_budget,100000,0.005,200000,seconds_heavy,True,70136,199652,0.99826,0.0028237501904363,0.8461538461538461,uniform_k_128,0.0054847285041235,0.4743589743589743,0.4851613551494058,0.3717948717948718,True,True
2019q3,minimize_weighted_mean_max_rank_error_subject_to_storage_budget,100000,0.005,250000,uniform,True,70136,249692,0.998768,0.0025004981333459,0.8717948717948718,uniform_k_256,0.0024640878769357,0.9230769230769232,-0.0147763627876509,-0.0512820512820513,False,False
2019q3,minimize_weighted_mean_max_rank_error_subject_to_storage_budget,100000,0.005,250000,total_heavy,True,70136,249692,0.998768,0.002198970045145,0.8974358974358975,uniform_k_256,0.0022253803015552,0.9615384615384616,0.0118677497018369,-0.0641025641025641,True,False
2019q3,minimize_weighted_mean_max_rank_error_subject_to_storage_budget,100000,0.005,250000,seconds_heavy,True,70136,249416,0.997664,0.0023273399340261,0.8589743589743589,uniform_k_256,0.0026045919231278,0.8846153846153846,0.1064473811194097,-0.0256410256410256,True,False
2019q3,minimize_weighted_mean_max_rank_error_subject_to_storage_budget,100000,0.005,300000,uniform,True,70136,299108,0.9970266666666666,0.0021946006974485,0.8717948717948718,uniform_k_256,0.0024640878769357,0.9230769230769232,0.1093658964071944,-0.0512820512820513,True,False
2019q3,minimize_weighted_mean_max_rank_error_subject_to_storage_budget,100000,0.005,300000,total_heavy,True,70136,299836,0.9994533333333332,0.001955893122068,0.8974358974358975,uniform_k_256,0.0022253803015552,0.9615384615384616,0.1210971353070939,-0.0641025641025641,True,False
2019q3,minimize_weighted_mean_max_rank_error_subject_to_storage_budget,100000,0.005,300000,seconds_heavy,True,70136,299124,0.99708,0.0021254893590252,0.8589743589743589,uniform_k_256,0.0026045919231278,0.8846153846153846,0.1839453466196761,-0.0256410256410256,True,False
2019q3,minimize_weighted_mean_max_rank_error_subject_to_storage_budget,200000,0.01,150000,uniform,True,38816,149776,0.9985066666666668,0.003334230335277,1.0,uniform_k_256,0.002331238007775,1.0,-0.4302402089177111,0.0,False,False
2019q3,minimize_weighted_mean_max_rank_error_subject_to_storage_budget,200000,0.01,150000,total_heavy,True,38816,149628,0.99752,0.0025440664783553,1.0,uniform_k_256,0.0020902202835095,1.0,-0.2171284043248518,0.0,False,False
2019q3,minimize_weighted_mean_max_rank_error_subject_to_storage_budget,200000,0.01,150000,seconds_heavy,True,38816,148872,0.99248,0.0030400431625676,1.0,uniform_k_256,0.0024545214578501,1.0,-0.2385482118499442,0.0,False,False
2019q3,minimize_weighted_mean_max_rank_error_subject_to_storage_budget,200000,0.01,200000,uniform,True,38816,199096,0.99548,0.002890497182318,1.0,uniform_k_256,0.002331238007775,1.0,-0.2398979309181674,0.0,False,False
2019q3,minimize_weighted_mean_max_rank_error_subject_to_storage_budget,200000,0.01,200000,total_heavy,True,38816,199236,0.99618,0.0022087093354982,1.0,uniform_k_256,0.0020902202835095,1.0,-0.0566873515310981,0.0,False,False
2019q3,minimize_weighted_mean_max_rank_error_subject_to_storage_budget,200000,0.01,200000,seconds_heavy,True,38816,199488,0.99744,0.0028404429111242,1.0,uniform_k_256,0.0024545214578501,1.0,-0.1572287958777993,0.0,False,False
2019q3,minimize_weighted_mean_max_rank_error_subject_to_storage_budget,200000,0.01,250000,uniform,True,38816,249464,0.997856,0.0028256379596198,1.0,uniform_k_512,0.0010422642294766,1.0,-1.7110572153460204,0.0,False,False
2019q3,minimize_weighted_mean_max_rank_error_subject_to_storage_budget,200000,0.01,250000,total_heavy,True,38816,249464,0.997856,0.0021729889965152,1.0,uniform_k_512,0.0010002439636945,1.0,-1.1724589953923932,0.0,False,False
2019q3,minimize_weighted_mean_max_rank_error_subject_to_storage_budget,200000,0.01,250000,seconds_heavy,True,38816,249464,0.997856,0.0027713422128343,1.0,uniform_k_512,0.000971578371964,1.0,-1.8524124175717205,0.0,False,False
2019q3,minimize_weighted_mean_max_rank_error_subject_to_storage_budget,200000,0.01,300000,uniform,True,38816,297408,0.99136,0.0030680189120008,1.0,uniform_k_512,0.0010422642294766,1.0,-1.9436095236053637,0.0,False,False
2019q3,minimize_weighted_mean_max_rank_error_subject_to_storage_budget,200000,0.01,300000,total_heavy,True,38816,297408,0.99136,0.0023584651869914,1.0,uniform_k_512,0.0010002439636945,1.0,-1.3578899474484327,0.0,False,False
2019q3,minimize_weighted_mean_max_rank_error_subject_to_storage_budget,200000,0.01,300000,seconds_heavy,True,38816,297408,0.99136,0.0028964612604533,1.0,uniform_k_512,0.000971578371964,1.0,-1.981191578604422,0.0,False,False
2019q3,minimize_weighted_mean_max_rank_error_subject_to_storage_budget,200000,0.005,150000,uniform,True,38816,149776,0.9985066666666668,0.003334230335277,0.6666666666666666,uniform_k_256,0.002331238007775,1.0,-0.4302402089177111,-0.3333333333333333,False,False
2019q3,minimize_weighted_mean_max_rank_error_subject_to_storage_budget,200000,0.005,150000,total_heavy,True,38816,149628,0.99752,0.0025440664783553,0.7619047619047619,uniform_k_256,0.0020902202835095,1.0,-0.2171284043248518,-0.2380952380952381,False,False
2019q3,minimize_weighted_mean_max_rank_error_subject_to_storage_budget,200000,0.005,150000,seconds_heavy,True,38816,148872,0.99248,0.0030400431625676,0.6904761904761905,uniform_k_256,0.0024545214578501,1.0,-0.2385482118499442,-0.3095238095238095,False,False
2019q3,minimize_weighted_mean_max_rank_error_subject_to_storage_budget,200000,0.005,200000,uniform,True,38816,199096,0.99548,0.002890497182318,0.6666666666666666,uniform_k_256,0.002331238007775,1.0,-0.2398979309181674,-0.3333333333333333,False,False
2019q3,minimize_weighted_mean_max_rank_error_subject_to_storage_budget,200000,0.005,200000,total_heavy,True,38816,199236,0.99618,0.0022087093354982,0.7619047619047619,uniform_k_256,0.0020902202835095,1.0,-0.0566873515310981,-0.2380952380952381,False,False
2019q3,minimize_weighted_mean_max_rank_error_subject_to_storage_budget,200000,0.005,200000,seconds_heavy,True,38816,199488,0.99744,0.0028404429111242,0.6904761904761905,uniform_k_256,0.0024545214578501,1.0,-0.1572287958777993,-0.3095238095238095,False,False
2019q3,minimize_weighted_mean_max_rank_error_subject_to_storage_budget,200000,0.005,250000,uniform,True,38816,249464,0.997856,0.0028256379596198,0.6666666666666666,uniform_k_512,0.0010422642294766,1.0,-1.7110572153460204,-0.3333333333333333,False,False
2019q3,minimize_weighted_mean_max_rank_error_subject_to_storage_budget,200000,0.005,250000,total_heavy,True,38816,249464,0.997856,0.0021729889965152,0.7619047619047619,uniform_k_512,0.0010002439636945,1.0,-1.1724589953923932,-0.2380952380952381,False,False
2019q3,minimize_weighted_mean_max_rank_error_subject_to_storage_budget,200000,0.005,250000,seconds_heavy,True,38816,249464,0.997856,0.0027713422128343,0.6904761904761905,uniform_k_512,0.000971578371964,1.0,-1.8524124175717205,-0.3095238095238095,False,False
2019q3,minimize_weighted_mean_max_rank_error_subject_to_storage_budget,200000,0.005,300000,uniform,True,38816,297408,0.99136,0.0030680189120008,0.6666666666666666,uniform_k_512,0.0010422642294766,1.0,-1.9436095236053637,-0.3333333333333333,False,False
2019q3,minimize_weighted_mean_max_rank_error_subject_to_storage_budget,200000,0.005,300000,total_heavy,True,38816,297408,0.99136,0.0023584651869914,0.7619047619047619,uniform_k_512,0.0010002439636945,1.0,-1.3578899474484327,-0.2380952380952381,False,False
2019q3,minimize_weighted_mean_max_rank_error_subject_to_storage_budget,200000,0.005,300000,seconds_heavy,True,38816,297408,0.99136,0.0028964612604533,0.6904761904761905,uniform_k_512,0.000971578371964,1.0,-1.981191578604422,-0.3095238095238095,False,False
2019q4,minimize_weighted_mean_max_rank_error_subject_to_storage_budget,50000,0.01,250000,uniform,True,204960,249708,0.998832,0.0081198333333333,0.7,uniform_k_64,0.0116253333333333,0.425,0.3015397407959636,0.2749999999999999,True,True
2019q4,minimize_weighted_mean_max_rank_error_subject_to_storage_budget,50000,0.01,250000,total_heavy,True,204960,249704,0.998816,0.0069999166666666,0.7875,uniform_k_64,0.0116304166666666,0.4375,0.3981370687493287,0.35,True,True
2019q4,minimize_weighted_mean_max_rank_error_subject_to_storage_budget,50000,0.01,250000,seconds_heavy,True,204960,249708,0.998832,0.0071600833333333,0.8083333333333333,uniform_k_64,0.0114949166666666,0.3875,0.3771087219713063,0.4208333333333333,True,True
2019q4,minimize_weighted_mean_max_rank_error_subject_to_storage_budget,50000,0.01,300000,uniform,True,204960,299880,0.9996,0.0060681666666666,0.9333333333333332,uniform_k_64,0.0116253333333333,0.425,0.4780221355660057,0.5083333333333333,True,True
2019q4,minimize_weighted_mean_max_rank_error_subject_to_storage_budget,50000,0.01,300000,total_heavy,True,204960,299856,0.99952,0.0053129999999999,0.8916666666666667,uniform_k_64,0.0116304166666666,0.4375,0.5431805968545125,0.4541666666666667,True,True
2019q4,minimize_weighted_mean_max_rank_error_subject_to_storage_budget,50000,0.01,300000,seconds_heavy,True,204960,299852,0.9995066666666668,0.00549725,0.925,uniform_k_64,0.0114949166666666,0.3875,0.5217668679633747,0.5375000000000001,True,True
2019q4,minimize_weighted_mean_max_rank_error_subject_to_storage_budget,50000,0.005,250000,uniform,True,204960,249708,0.998832,0.0081198333333333,0.225,uniform_k_64,0.0116253333333333,0.025,0.3015397407959636,0.2,True,True
2019q4,minimize_weighted_mean_max_rank_error_subject_to_storage_budget,50000,0.005,250000,total_heavy,True,204960,249704,0.998816,0.0069999166666666,0.3875,uniform_k_64,0.0116304166666666,0.0375,0.3981370687493287,0.35,True,True
2019q4,minimize_weighted_mean_max_rank_error_subject_to_storage_budget,50000,0.005,250000,seconds_heavy,True,204960,249708,0.998832,0.0071600833333333,0.3166666666666666,uniform_k_64,0.0114949166666666,0.0125,0.3771087219713063,0.3041666666666666,True,True
2019q4,minimize_weighted_mean_max_rank_error_subject_to_storage_budget,50000,0.005,300000,uniform,True,204960,299880,0.9996,0.0060681666666666,0.3916666666666666,uniform_k_64,0.0116253333333333,0.025,0.4780221355660057,0.3666666666666666,True,True
2019q4,minimize_weighted_mean_max_rank_error_subject_to_storage_budget,50000,0.005,300000,total_heavy,True,204960,299856,0.99952,0.0053129999999999,0.5875,uniform_k_64,0.0116304166666666,0.0375,0.5431805968545125,0.55,True,True
2019q4,minimize_weighted_mean_max_rank_error_subject_to_storage_budget,50000,0.005,300000,seconds_heavy,True,204960,299852,0.9995066666666668,0.00549725,0.4958333333333333,uniform_k_64,0.0114949166666666,0.0125,0.5217668679633747,0.4833333333333333,True,True
2019q4,minimize_weighted_mean_max_rank_error_subject_to_storage_budget,100000,0.01,150000,uniform,True,108000,149044,0.9936266666666668,0.0064045,0.8833333333333333,uniform_k_64,0.0114076666666666,0.4666666666666667,0.4385793180025127,0.4166666666666666,True,True
2019q4,minimize_weighted_mean_max_rank_error_subject_to_storage_budget,100000,0.01,150000,total_heavy,True,108000,148728,0.99152,0.0055190833333333,0.9,uniform_k_64,0.0112673333333333,0.4583333333333333,0.5101695165966513,0.4416666666666667,True,True
2019q4,minimize_weighted_mean_max_rank_error_subject_to_storage_budget,100000,0.01,150000,seconds_heavy,True,108000,149548,0.9969866666666668,0.0061243333333333,0.8833333333333333,uniform_k_64,0.0107710833333333,0.5083333333333333,0.4314097158286464,0.375,True,True
2019q4,minimize_weighted_mean_max_rank_error_subject_to_storage_budget,100000,0.01,200000,uniform,True,108000,199480,0.9974,0.0046651666666666,0.9833333333333332,uniform_k_128,0.0059413333333333,0.95,0.2147946588868947,0.0333333333333333,True,True
2019q4,minimize_weighted_mean_max_rank_error_subject_to_storage_budget,100000,0.01,200000,total_heavy,True,108000,199732,0.99866,0.0040211666666666,0.975,uniform_k_128,0.0057029166666666,0.975,0.2948929641265451,0.0,True,True
2019q4,minimize_weighted_mean_max_rank_error_subject_to_storage_budget,100000,0.01,200000,seconds_heavy,True,108000,199384,0.99692,0.0045879999999999,0.9916666666666668,uniform_k_128,0.0060139166666666,0.975,0.2371028309338063,0.0166666666666667,True,True
2019q4,minimize_weighted_mean_max_rank_error_subject_to_storage_budget,100000,0.01,250000,uniform,True,108000,248904,0.995616,0.0039719999999999,0.9833333333333332,uniform_k_128,0.0059413333333333,0.95,0.3314631956912046,0.0333333333333333,True,True
2019q4,minimize_weighted_mean_max_rank_error_subject_to_storage_budget,100000,0.01,250000,total_heavy,True,108000,249880,0.99952,0.0035018333333333,0.9916666666666668,uniform_k_128,0.0057029166666666,0.975,0.385957477898739,0.0166666666666667,True,True
2019q4,minimize_weighted_mean_max_rank_error_subject_to_storage_budget,100000,0.01,250000,seconds_heavy,True,108000,248808,0.995232,0.0039468333333333,0.9916666666666668,uniform_k_128,0.0060139166666666,0.975,0.3437166571978892,0.0166666666666667,True,True
2019q4,minimize_weighted_mean_max_rank_error_subject_to_storage_budget,100000,0.01,300000,uniform,True,108000,299712,0.99904,0.0036481666666666,0.9833333333333332,uniform_k_128,0.0059413333333333,0.95,0.3859683572710968,0.0333333333333333,True,True
2019q4,minimize_weighted_mean_max_rank_error_subject_to_storage_budget,100000,0.01,300000,total_heavy,True,108000,299016,0.99672,0.0032269166666666,0.9916666666666668,uniform_k_128,0.0057029166666666,0.975,0.4341638050705082,0.0166666666666667,True,True
2019q4,minimize_weighted_mean_max_rank_error_subject_to_storage_budget,100000,0.01,300000,seconds_heavy,True,108000,299032,0.9967733333333332,0.0037359999999999,0.9916666666666668,uniform_k_128,0.0060139166666666,0.975,0.3787742319896918,0.0166666666666667,True,True
2019q4,minimize_weighted_mean_max_rank_error_subject_to_storage_budget,100000,0.005,150000,uniform,True,108000,149044,0.9936266666666668,0.0064045,0.4,uniform_k_64,0.0114076666666666,0.05,0.4385793180025127,0.35,True,True
2019q4,minimize_weighted_mean_max_rank_error_subject_to_storage_budget,100000,0.005,150000,total_heavy,True,108000,148728,0.99152,0.0055190833333333,0.5666666666666667,uniform_k_64,0.0112673333333333,0.1,0.5101695165966513,0.4666666666666667,True,True
2019q4,minimize_weighted_mean_max_rank_error_subject_to_storage_budget,100000,0.005,150000,seconds_heavy,True,108000,149548,0.9969866666666668,0.0061243333333333,0.45,uniform_k_64,0.0107710833333333,0.025,0.4314097158286464,0.425,True,True
2019q4,minimize_weighted_mean_max_rank_error_subject_to_storage_budget,100000,0.005,200000,uniform,True,108000,199480,0.9974,0.0046651666666666,0.6666666666666666,uniform_k_128,0.0059413333333333,0.4333333333333333,0.2147946588868947,0.2333333333333332,True,True
2019q4,minimize_weighted_mean_max_rank_error_subject_to_storage_budget,100000,0.005,200000,total_heavy,True,108000,199732,0.99866,0.0040211666666666,0.7333333333333333,uniform_k_128,0.0057029166666666,0.4416666666666666,0.2948929641265451,0.2916666666666666,True,True
2019q4,minimize_weighted_mean_max_rank_error_subject_to_storage_budget,100000,0.005,200000,seconds_heavy,True,108000,199384,0.99692,0.0045879999999999,0.6083333333333333,uniform_k_128,0.0060139166666666,0.4166666666666667,0.2371028309338063,0.1916666666666666,True,True
2019q4,minimize_weighted_mean_max_rank_error_subject_to_storage_budget,100000,0.005,250000,uniform,True,108000,248904,0.995616,0.0039719999999999,0.7333333333333333,uniform_k_128,0.0059413333333333,0.4333333333333333,0.3314631956912046,0.2999999999999999,True,True
2019q4,minimize_weighted_mean_max_rank_error_subject_to_storage_budget,100000,0.005,250000,total_heavy,True,108000,249880,0.99952,0.0035018333333333,0.775,uniform_k_128,0.0057029166666666,0.4416666666666666,0.385957477898739,0.3333333333333333,True,True
2019q4,minimize_weighted_mean_max_rank_error_subject_to_storage_budget,100000,0.005,250000,seconds_heavy,True,108000,248808,0.995232,0.0039468333333333,0.6916666666666667,uniform_k_128,0.0060139166666666,0.4166666666666667,0.3437166571978892,0.2749999999999999,True,True
2019q4,minimize_weighted_mean_max_rank_error_subject_to_storage_budget,100000,0.005,300000,uniform,True,108000,299712,0.99904,0.0036481666666666,0.75,uniform_k_128,0.0059413333333333,0.4333333333333333,0.3859683572710968,0.3166666666666666,True,True
2019q4,minimize_weighted_mean_max_rank_error_subject_to_storage_budget,100000,0.005,300000,total_heavy,True,108000,299016,0.99672,0.0032269166666666,0.7916666666666666,uniform_k_128,0.0057029166666666,0.4416666666666666,0.4341638050705082,0.35,True,True
2019q4,minimize_weighted_mean_max_rank_error_subject_to_storage_budget,100000,0.005,300000,seconds_heavy,True,108000,299032,0.9967733333333332,0.0037359999999999,0.6916666666666667,uniform_k_128,0.0060139166666666,0.4166666666666667,0.3787742319896918,0.2749999999999999,True,True
2019q4,minimize_weighted_mean_max_rank_error_subject_to_storage_budget,200000,0.01,150000,uniform,True,55800,149184,0.99456,0.0032221666666666,1.0,uniform_k_128,0.0050548333333333,0.9333333333333332,0.3625572884038364,0.0666666666666666,True,True
2019q4,minimize_weighted_mean_max_rank_error_subject_to_storage_budget,200000,0.01,150000,total_heavy,True,55800,149084,0.9938933333333332,0.003516,1.0,uniform_k_128,0.0053614166666666,0.9166666666666666,0.3442031801296297,0.0833333333333333,True,True
2019q4,minimize_weighted_mean_max_rank_error_subject_to_storage_budget,200000,0.01,150000,seconds_heavy,True,55800,149184,0.99456,0.0033767499999999,1.0,uniform_k_128,0.0051264166666666,0.9166666666666666,0.3413040297803857,0.0833333333333333,True,True
2019q4,minimize_weighted_mean_max_rank_error_subject_to_storage_budget,200000,0.01,200000,uniform,True,55800,199344,0.99672,0.0029553333333333,1.0,uniform_k_256,0.0027981666666666,1.0,-0.0561677288700903,0.0,False,False
2019q4,minimize_weighted_mean_max_rank_error_subject_to_storage_budget,200000,0.01,200000,total_heavy,True,55800,199344,0.99672,0.0033501666666666,1.0,uniform_k_256,0.0026643333333333,1.0,-0.2574127361441207,0.0,False,False
2019q4,minimize_weighted_mean_max_rank_error_subject_to_storage_budget,200000,0.01,200000,seconds_heavy,True,55800,199696,0.99848,0.0031105833333333,1.0,uniform_k_256,0.0029853333333333,1.0,-0.0419551138901264,0.0,False,False
2019q4,minimize_weighted_mean_max_rank_error_subject_to_storage_budget,200000,0.01,250000,uniform,True,55800,248988,0.995952,0.0028806666666666,1.0,uniform_k_256,0.0027981666666666,1.0,-0.0294835904461217,0.0,False,False
2019q4,minimize_weighted_mean_max_rank_error_subject_to_storage_budget,200000,0.01,250000,total_heavy,True,55800,248744,0.994976,0.0033119166666666,1.0,uniform_k_256,0.0026643333333333,1.0,-0.2430564243713182,0.0,False,False
2019q4,minimize_weighted_mean_max_rank_error_subject_to_storage_budget,200000,0.01,250000,seconds_heavy,True,55800,248988,0.995952,0.0030620833333333,1.0,uniform_k_256,0.0029853333333333,1.0,-0.0257090218847666,0.0,False,False
2019q4,minimize_weighted_mean_max_rank_error_subject_to_storage_budget,200000,0.01,300000,uniform,True,55800,298940,0.9964666666666666,0.0031559999999999,0.9666666666666668,uniform_k_256,0.0027981666666666,1.0,-0.127881350884502,-0.0333333333333333,False,False
2019q4,minimize_weighted_mean_max_rank_error_subject_to_storage_budget,200000,0.01,300000,total_heavy,True,55800,298940,0.9964666666666666,0.0035314999999999,0.9833333333333332,uniform_k_256,0.0026643333333333,1.0,-0.3254722882522134,-0.0166666666666667,False,False
2019q4,minimize_weighted_mean_max_rank_error_subject_to_storage_budget,200000,0.01,300000,seconds_heavy,True,55800,298940,0.9964666666666666,0.003414,0.9333333333333332,uniform_k_256,0.0029853333333333,1.0,-0.1435908887896337,-0.0666666666666666,False,False
2019q4,minimize_weighted_mean_max_rank_error_subject_to_storage_budget,200000,0.005,150000,uniform,True,55800,149184,0.99456,0.0032221666666666,0.8,uniform_k_128,0.0050548333333333,0.6,0.3625572884038364,0.2,True,True
2019q4,minimize_weighted_mean_max_rank_error_subject_to_storage_budget,200000,0.005,150000,total_heavy,True,55800,149084,0.9938933333333332,0.003516,0.7,uniform_k_128,0.0053614166666666,0.5,0.3442031801296297,0.1999999999999999,True,True
2019q4,minimize_weighted_mean_max_rank_error_subject_to_storage_budget,200000,0.005,150000,seconds_heavy,True,55800,149184,0.99456,0.0033767499999999,0.8,uniform_k_128,0.0051264166666666,0.6,0.3413040297803857,0.2,True,True
2019q4,minimize_weighted_mean_max_rank_error_subject_to_storage_budget,200000,0.005,200000,uniform,True,55800,199344,0.99672,0.0029553333333333,0.8,uniform_k_256,0.0027981666666666,0.9666666666666668,-0.0561677288700903,-0.1666666666666666,False,False
2019q4,minimize_weighted_mean_max_rank_error_subject_to_storage_budget,200000,0.005,200000,total_heavy,True,55800,199344,0.99672,0.0033501666666666,0.7,uniform_k_256,0.0026643333333333,0.9833333333333332,-0.2574127361441207,-0.2833333333333333,False,False
2019q4,minimize_weighted_mean_max_rank_error_subject_to_storage_budget,200000,0.005,200000,seconds_heavy,True,55800,199696,0.99848,0.0031105833333333,0.8,uniform_k_256,0.0029853333333333,0.9333333333333332,-0.0419551138901264,-0.1333333333333333,False,False
2019q4,minimize_weighted_mean_max_rank_error_subject_to_storage_budget,200000,0.005,250000,uniform,True,55800,248988,0.995952,0.0028806666666666,0.8,uniform_k_256,0.0027981666666666,0.9666666666666668,-0.0294835904461217,-0.1666666666666666,False,False
2019q4,minimize_weighted_mean_max_rank_error_subject_to_storage_budget,200000,0.005,250000,total_heavy,True,55800,248744,0.994976,0.0033119166666666,0.7,uniform_k_256,0.0026643333333333,0.9833333333333332,-0.2430564243713182,-0.2833333333333333,False,False
2019q4,minimize_weighted_mean_max_rank_error_subject_to_storage_budget,200000,0.005,250000,seconds_heavy,True,55800,248988,0.995952,0.0030620833333333,0.8,uniform_k_256,0.0029853333333333,0.9333333333333332,-0.0257090218847666,-0.1333333333333333,False,False
2019q4,minimize_weighted_mean_max_rank_error_subject_to_storage_budget,200000,0.005,300000,uniform,True,55800,298940,0.9964666666666666,0.0031559999999999,0.8,uniform_k_256,0.0027981666666666,0.9666666666666668,-0.127881350884502,-0.1666666666666666,False,False
2019q4,minimize_weighted_mean_max_rank_error_subject_to_storage_budget,200000,0.005,300000,total_heavy,True,55800,298940,0.9964666666666666,0.0035314999999999,0.7,uniform_k_256,0.0026643333333333,0.9833333333333332,-0.3254722882522134,-0.2833333333333333,False,False
2019q4,minimize_weighted_mean_max_rank_error_subject_to_storage_budget,200000,0.005,300000,seconds_heavy,True,55800,298940,0.9964666666666666,0.003414,0.8,uniform_k_256,0.0029853333333333,0.9333333333333332,-0.1435908887896337,-0.1333333333333333,False,False
2020q1,minimize_weighted_mean_max_rank_error_subject_to_storage_budget,50000,0.01,250000,uniform,True,204960,249708,0.998832,0.0079949999999999,0.7333333333333333,uniform_k_64,0.0109924999999999,0.4666666666666667,0.2726859222196953,0.2666666666666666,True,True
2020q1,minimize_weighted_mean_max_rank_error_subject_to_storage_budget,50000,0.01,250000,total_heavy,True,204960,249704,0.998816,0.0069326666666666,0.8125,uniform_k_64,0.01065475,0.5208333333333334,0.3493355858498175,0.2916666666666666,True,True
2020q1,minimize_weighted_mean_max_rank_error_subject_to_storage_budget,50000,0.01,250000,seconds_heavy,True,204960,249708,0.998832,0.0073844166666666,0.8375,uniform_k_64,0.011112,0.4583333333333333,0.3354556635469168,0.3791666666666667,True,True
2020q1,minimize_weighted_mean_max_rank_error_subject_to_storage_budget,50000,0.01,300000,uniform,True,204960,299880,0.9996,0.0061569999999999,0.925,uniform_k_64,0.0109924999999999,0.4666666666666667,0.4398908346599959,0.4583333333333333,True,True
2020q1,minimize_weighted_mean_max_rank_error_subject_to_storage_budget,50000,0.01,300000,total_heavy,True,204960,299856,0.99952,0.0055813333333333,0.925,uniform_k_64,0.01065475,0.5208333333333334,0.4761647778377412,0.4041666666666667,True,True
2020q1,minimize_weighted_mean_max_rank_error_subject_to_storage_budget,50000,0.01,300000,seconds_heavy,True,204960,299852,0.9995066666666668,0.0059292499999999,0.9083333333333332,uniform_k_64,0.011112,0.4583333333333333,0.4664101871850256,0.45,True,True
2020q1,minimize_weighted_mean_max_rank_error_subject_to_storage_budget,50000,0.005,250000,uniform,True,204960,249708,0.998832,0.0079949999999999,0.2083333333333333,uniform_k_64,0.0109924999999999,0.0416666666666666,0.2726859222196953,0.1666666666666666,True,True
2020q1,minimize_weighted_mean_max_rank_error_subject_to_storage_budget,50000,0.005,250000,total_heavy,True,204960,249704,0.998816,0.0069326666666666,0.3583333333333333,uniform_k_64,0.01065475,0.0458333333333333,0.3493355858498175,0.3125,True,True
2020q1,minimize_weighted_mean_max_rank_error_subject_to_storage_budget,50000,0.005,250000,seconds_heavy,True,204960,249708,0.998832,0.0073844166666666,0.2583333333333333,uniform_k_64,0.011112,0.0458333333333333,0.3354556635469168,0.2125,True,True
2020q1,minimize_weighted_mean_max_rank_error_subject_to_storage_budget,50000,0.005,300000,uniform,True,204960,299880,0.9996,0.0061569999999999,0.375,uniform_k_64,0.0109924999999999,0.0416666666666666,0.4398908346599959,0.3333333333333333,True,True
2020q1,minimize_weighted_mean_max_rank_error_subject_to_storage_budget,50000,0.005,300000,total_heavy,True,204960,299856,0.99952,0.0055813333333333,0.4833333333333333,uniform_k_64,0.01065475,0.0458333333333333,0.4761647778377412,0.4375,True,True
2020q1,minimize_weighted_mean_max_rank_error_subject_to_storage_budget,50000,0.005,300000,seconds_heavy,True,204960,299852,0.9995066666666668,0.0059292499999999,0.4583333333333333,uniform_k_64,0.011112,0.0458333333333333,0.4664101871850256,0.4125,True,True
2020q1,minimize_weighted_mean_max_rank_error_subject_to_storage_budget,100000,0.01,150000,uniform,True,108000,149044,0.9936266666666668,0.0061761666666666,0.9333333333333332,uniform_k_64,0.0114301666666666,0.5333333333333333,0.4596608390078887,0.4,True,True
2020q1,minimize_weighted_mean_max_rank_error_subject_to_storage_budget,100000,0.01,150000,total_heavy,True,108000,149044,0.9936266666666668,0.0056769999999999,0.9166666666666666,uniform_k_64,0.0100765833333333,0.6666666666666666,0.4366145932401031,0.25,True,True
2020q1,minimize_weighted_mean_max_rank_error_subject_to_storage_budget,100000,0.01,150000,seconds_heavy,True,108000,149800,0.9986666666666668,0.0055304999999999,0.9583333333333334,uniform_k_64,0.0127493333333333,0.4166666666666667,0.5662126124241794,0.5416666666666667,True,True
2020q1,minimize_weighted_mean_max_rank_error_subject_to_storage_budget,100000,0.01,200000,uniform,True,108000,198724,0.99362,0.0043826666666666,1.0,uniform_k_128,0.0052134999999999,1.0,0.1593619129823216,0.0,True,True
2020q1,minimize_weighted_mean_max_rank_error_subject_to_storage_budget,100000,0.01,200000,total_heavy,True,108000,198976,0.99488,0.0040424999999999,1.0,uniform_k_128,0.0049537499999999,1.0,0.1839515518546559,0.0,True,True
2020q1,minimize_weighted_mean_max_rank_error_subject_to_storage_budget,100000,0.01,200000,seconds_heavy,True,108000,199984,0.99992,0.0038960833333333,0.9833333333333332,uniform_k_128,0.0053839999999999,1.0,0.2763589648340766,-0.0166666666666667,True,False
2020q1,minimize_weighted_mean_max_rank_error_subject_to_storage_budget,100000,0.01,250000,uniform,True,108000,249096,0.996384,0.0035404999999999,1.0,uniform_k_128,0.0052134999999999,1.0,0.3208976695118452,0.0,True,True
2020q1,minimize_weighted_mean_max_rank_error_subject_to_storage_budget,100000,0.01,250000,total_heavy,True,108000,249628,0.998512,0.0032924999999999,1.0,uniform_k_128,0.0049537499999999,1.0,0.3353520060560182,0.0,True,True
2020q1,minimize_weighted_mean_max_rank_error_subject_to_storage_budget,100000,0.01,250000,seconds_heavy,True,108000,249628,0.998512,0.0031384999999999,1.0,uniform_k_128,0.0053839999999999,1.0,0.4170690936106994,0.0,True,True
2020q1,minimize_weighted_mean_max_rank_error_subject_to_storage_budget,100000,0.01,300000,uniform,True,108000,299556,0.99852,0.0030484999999999,1.0,uniform_k_128,0.0052134999999999,1.0,0.415268054090343,0.0,True,True
2020q1,minimize_weighted_mean_max_rank_error_subject_to_storage_budget,100000,0.01,300000,total_heavy,True,108000,299556,0.99852,0.0028526666666666,1.0,uniform_k_128,0.0049537499999999,1.0,0.4241399613087731,0.0,True,True
2020q1,minimize_weighted_mean_max_rank_error_subject_to_storage_budget,100000,0.01,300000,seconds_heavy,True,108000,299556,0.99852,0.0027869999999999,1.0,uniform_k_128,0.0053839999999999,1.0,0.4823551263001494,0.0,True,True
2020q1,minimize_weighted_mean_max_rank_error_subject_to_storage_budget,100000,0.005,150000,uniform,True,108000,149044,0.9936266666666668,0.0061761666666666,0.4166666666666667,uniform_k_64,0.0114301666666666,0.0666666666666666,0.4596608390078887,0.35,True,True
2020q1,minimize_weighted_mean_max_rank_error_subject_to_storage_budget,100000,0.005,150000,total_heavy,True,108000,149044,0.9936266666666668,0.0056769999999999,0.5,uniform_k_64,0.0100765833333333,0.0583333333333333,0.4366145932401031,0.4416666666666666,True,True
2020q1,minimize_weighted_mean_max_rank_error_subject_to_storage_budget,100000,0.005,150000,seconds_heavy,True,108000,149800,0.9986666666666668,0.0055304999999999,0.475,uniform_k_64,0.0127493333333333,0.0583333333333333,0.5662126124241794,0.4166666666666666,True,True
2020q1,minimize_weighted_mean_max_rank_error_subject_to_storage_budget,100000,0.005,200000,uniform,True,108000,198724,0.99362,0.0043826666666666,0.6833333333333333,uniform_k_128,0.0052134999999999,0.55,0.1593619129823216,0.1333333333333333,True,True
2020q1,minimize_weighted_mean_max_rank_error_subject_to_storage_budget,100000,0.005,200000,total_heavy,True,108000,198976,0.99488,0.0040424999999999,0.7416666666666667,uniform_k_128,0.0049537499999999,0.6,0.1839515518546559,0.1416666666666667,True,True
2020q1,minimize_weighted_mean_max_rank_error_subject_to_storage_budget,100000,0.005,200000,seconds_heavy,True,108000,199984,0.99992,0.0038960833333333,0.7166666666666667,uniform_k_128,0.0053839999999999,0.525,0.2763589648340766,0.1916666666666666,True,True
2020q1,minimize_weighted_mean_max_rank_error_subject_to_storage_budget,100000,0.005,250000,uniform,True,108000,249096,0.996384,0.0035404999999999,0.8333333333333334,uniform_k_128,0.0052134999999999,0.55,0.3208976695118452,0.2833333333333333,True,True
2020q1,minimize_weighted_mean_max_rank_error_subject_to_storage_budget,100000,0.005,250000,total_heavy,True,108000,249628,0.998512,0.0032924999999999,0.8333333333333334,uniform_k_128,0.0049537499999999,0.6,0.3353520060560182,0.2333333333333334,True,True
2020q1,minimize_weighted_mean_max_rank_error_subject_to_storage_budget,100000,0.005,250000,seconds_heavy,True,108000,249628,0.998512,0.0031384999999999,0.825,uniform_k_128,0.0053839999999999,0.525,0.4170690936106994,0.2999999999999999,True,True
2020q1,minimize_weighted_mean_max_rank_error_subject_to_storage_budget,100000,0.005,300000,uniform,True,108000,299556,0.99852,0.0030484999999999,0.8666666666666667,uniform_k_128,0.0052134999999999,0.55,0.415268054090343,0.3166666666666666,True,True
2020q1,minimize_weighted_mean_max_rank_error_subject_to_storage_budget,100000,0.005,300000,total_heavy,True,108000,299556,0.99852,0.0028526666666666,0.8833333333333333,uniform_k_128,0.0049537499999999,0.6,0.4241399613087731,0.2833333333333333,True,True
2020q1,minimize_weighted_mean_max_rank_error_subject_to_storage_budget,100000,0.005,300000,seconds_heavy,True,108000,299556,0.99852,0.0027869999999999,0.875,uniform_k_128,0.0053839999999999,0.525,0.4823551263001494,0.35,True,True
2020q1,minimize_weighted_mean_max_rank_error_subject_to_storage_budget,200000,0.01,150000,uniform,True,55800,148760,0.9917333333333334,0.0035964999999999,0.9666666666666668,uniform_k_128,0.0054756666666666,0.9333333333333332,0.343185000304377,0.0333333333333333,True,True
2020q1,minimize_weighted_mean_max_rank_error_subject_to_storage_budget,200000,0.01,150000,total_heavy,True,55800,148976,0.9931733333333334,0.0034899999999999,0.9333333333333332,uniform_k_128,0.0056300833333333,0.9166666666666666,0.3801157472506317,0.0166666666666667,True,True
2020q1,minimize_weighted_mean_max_rank_error_subject_to_storage_budget,200000,0.01,150000,seconds_heavy,True,55800,149184,0.99456,0.0035524999999999,0.9833333333333332,uniform_k_128,0.0057910833333333,0.9166666666666666,0.3865569194019544,0.0666666666666666,True,True
2020q1,minimize_weighted_mean_max_rank_error_subject_to_storage_budget,200000,0.01,200000,uniform,True,55800,198784,0.99392,0.0032561666666666,0.9666666666666668,uniform_k_256,0.0023574999999999,1.0,-0.3811947684694212,-0.0333333333333333,False,False
2020q1,minimize_weighted_mean_max_rank_error_subject_to_storage_budget,200000,0.01,200000,total_heavy,True,55800,199236,0.99618,0.0031769166666666,0.9333333333333332,uniform_k_256,0.00212375,1.0,-0.4958995487541602,-0.0666666666666666,False,False
2020q1,minimize_weighted_mean_max_rank_error_subject_to_storage_budget,200000,0.01,200000,seconds_heavy,True,55800,199372,0.99686,0.0032282499999999,0.9833333333333332,uniform_k_256,0.0026944999999999,1.0,-0.1980886992020778,-0.0166666666666667,False,False
2020q1,minimize_weighted_mean_max_rank_error_subject_to_storage_budget,200000,0.01,250000,uniform,True,55800,249640,0.99856,0.0031754999999999,0.9666666666666668,uniform_k_256,0.0023574999999999,1.0,-0.3469777306468691,-0.0333333333333333,False,False
2020q1,minimize_weighted_mean_max_rank_error_subject_to_storage_budget,200000,0.01,250000,total_heavy,True,55800,249396,0.997584,0.0030751666666666,0.9333333333333332,uniform_k_256,0.00212375,1.0,-0.4479890131449779,-0.0666666666666666,False,False
2020q1,minimize_weighted_mean_max_rank_error_subject_to_storage_budget,200000,0.01,250000,seconds_heavy,True,55800,249640,0.99856,0.0031294166666666,0.9833333333333332,uniform_k_256,0.0026944999999999,1.0,-0.161409043112515,-0.0166666666666667,False,False
2020q1,minimize_weighted_mean_max_rank_error_subject_to_storage_budget,200000,0.01,300000,uniform,True,55800,299148,0.99716,0.0030964999999999,0.9666666666666668,uniform_k_256,0.0023574999999999,1.0,-0.3134676564156944,-0.0333333333333333,False,False
2020q1,minimize_weighted_mean_max_rank_error_subject_to_storage_budget,200000,0.01,300000,total_heavy,True,55800,298696,0.9956533333333332,0.0030628333333333,0.9166666666666666,uniform_k_256,0.00212375,1.0,-0.4421816754953807,-0.0833333333333333,False,False
2020q1,minimize_weighted_mean_max_rank_error_subject_to_storage_budget,200000,0.01,300000,seconds_heavy,True,55800,299148,0.99716,0.0030797499999999,0.9833333333333332,uniform_k_256,0.0026944999999999,1.0,-0.1429764334755987,-0.0166666666666667,False,False
2020q1,minimize_weighted_mean_max_rank_error_subject_to_storage_budget,200000,0.005,150000,uniform,True,55800,148760,0.9917333333333334,0.0035964999999999,0.7333333333333333,uniform_k_128,0.0054756666666666,0.4,0.343185000304377,0.3333333333333332,True,True
2020q1,minimize_weighted_mean_max_rank_error_subject_to_storage_budget,200000,0.005,150000,total_heavy,True,55800,148976,0.9931733333333334,0.0034899999999999,0.6833333333333333,uniform_k_128,0.0056300833333333,0.35,0.3801157472506317,0.3333333333333333,True,True
2020q1,minimize_weighted_mean_max_rank_error_subject_to_storage_budget,200000,0.005,150000,seconds_heavy,True,55800,149184,0.99456,0.0035524999999999,0.7,uniform_k_128,0.0057910833333333,0.4,0.3865569194019544,0.2999999999999999,True,True
2020q1,minimize_weighted_mean_max_rank_error_subject_to_storage_budget,200000,0.005,200000,uniform,True,55800,198784,0.99392,0.0032561666666666,0.7333333333333333,uniform_k_256,0.0023574999999999,0.9666666666666668,-0.3811947684694212,-0.2333333333333334,False,False
2020q1,minimize_weighted_mean_max_rank_error_subject_to_storage_budget,200000,0.005,200000,total_heavy,True,55800,199236,0.99618,0.0031769166666666,0.7166666666666667,uniform_k_256,0.00212375,0.9833333333333332,-0.4958995487541602,-0.2666666666666666,False,False
2020q1,minimize_weighted_mean_max_rank_error_subject_to_storage_budget,200000,0.005,200000,seconds_heavy,True,55800,199372,0.99686,0.0032282499999999,0.7166666666666667,uniform_k_256,0.0026944999999999,0.9333333333333332,-0.1980886992020778,-0.2166666666666666,False,False
2020q1,minimize_weighted_mean_max_rank_error_subject_to_storage_budget,200000,0.005,250000,uniform,True,55800,249640,0.99856,0.0031754999999999,0.7333333333333333,uniform_k_256,0.0023574999999999,0.9666666666666668,-0.3469777306468691,-0.2333333333333334,False,False
2020q1,minimize_weighted_mean_max_rank_error_subject_to_storage_budget,200000,0.005,250000,total_heavy,True,55800,249396,0.997584,0.0030751666666666,0.7166666666666667,uniform_k_256,0.00212375,0.9833333333333332,-0.4479890131449779,-0.2666666666666666,False,False
2020q1,minimize_weighted_mean_max_rank_error_subject_to_storage_budget,200000,0.005,250000,seconds_heavy,True,55800,249640,0.99856,0.0031294166666666,0.7166666666666667,uniform_k_256,0.0026944999999999,0.9333333333333332,-0.161409043112515,-0.2166666666666666,False,False
2020q1,minimize_weighted_mean_max_rank_error_subject_to_storage_budget,200000,0.005,300000,uniform,True,55800,299148,0.99716,0.0030964999999999,0.7333333333333333,uniform_k_256,0.0023574999999999,0.9666666666666668,-0.3134676564156944,-0.2333333333333334,False,False
2020q1,minimize_weighted_mean_max_rank_error_subject_to_storage_budget,200000,0.005,300000,total_heavy,True,55800,298696,0.9956533333333332,0.0030628333333333,0.7166666666666667,uniform_k_256,0.00212375,0.9833333333333332,-0.4421816754953807,-0.2666666666666666,False,False
2020q1,minimize_weighted_mean_max_rank_error_subject_to_storage_budget,200000,0.005,300000,seconds_heavy,True,55800,299148,0.99716,0.0030797499999999,0.7166666666666667,uniform_k_256,0.0026944999999999,0.9333333333333332,-0.1429764334755987,-0.2166666666666666,False,False
