repeat,method,stream,epoch,k,bytes,max_rank_error
0,HASP-fresh,trip_total,0,128,3124,0.007750000000000035
0,uniform-K64-fresh,trip_total,0,64,1800,0.01174
0,HASP-fresh,trip_total,1,256,6024,0.001120000000000003
0,uniform-K64-fresh,trip_total,1,64,1800,0.01756000000000002
0,HASP-fresh,trip_total,2,128,3124,0.006059999999999954
0,uniform-K64-fresh,trip_total,2,64,1800,0.009969999999999979
0,HASP-fresh,trip_total,3,64,1800,0.018460000000000032
0,uniform-K64-fresh,trip_total,3,64,1800,0.0044999999999999485
0,HASP-fresh,trip_total,4,128,3124,0.006669999999999954
0,uniform-K64-fresh,trip_total,4,64,1800,0.008959999999999968
0,HASP-fresh,trip_total,5,256,6024,0.0019000000000000128
0,uniform-K64-fresh,trip_total,5,64,1800,0.010250000000000092
0,HASP-fresh,trip_total,6,128,3124,0.01165
0,uniform-K64-fresh,trip_total,6,64,1800,0.00721000000000005
0,HASP-fresh,trip_total,7,64,1800,0.01541999999999999
0,uniform-K64-fresh,trip_total,7,64,1800,0.012170000000000014
0,HASP-fresh,trip_total,8,64,1800,0.005670000000000064
0,uniform-K64-fresh,trip_total,8,64,1800,0.013599999999999945
0,HASP-fresh,trip_total,9,128,3124,0.004309999999999925
0,uniform-K64-fresh,trip_total,9,64,1800,0.00824999999999998
0,HASP-fresh,trip_total,10,128,3124,0.0029400000000000537
0,uniform-K64-fresh,trip_total,10,64,1800,0.015700000000000047
0,HASP-fresh,trip_total,11,128,3124,0.006859999999999977
0,uniform-K64-fresh,trip_total,11,64,1800,0.006859999999999977
0,HASP-fresh,trip_total,12,256,6024,0.0008000000000000229
0,uniform-K64-fresh,trip_total,12,64,1800,0.008850000000000025
0,HASP-fresh,trip_total,13,128,3124,0.0007199999999999429
0,uniform-K64-fresh,trip_total,13,64,1800,0.008000000000000007
0,HASP-fresh,trip_total,14,128,3124,0.004229999999999956
0,uniform-K64-fresh,trip_total,14,64,1800,0.006040000000000045
0,HASP-fresh,trip_total,15,128,3124,0.0013400000000000079
0,uniform-K64-fresh,trip_total,15,64,1800,0.011669999999999958
0,HASP-fresh,trip_total,16,256,6024,0.0016100000000000003
0,uniform-K64-fresh,trip_total,16,64,1800,0.013989999999999947
0,HASP-fresh,trip_total,17,128,3124,0.003049999999999997
0,uniform-K64-fresh,trip_total,17,64,1800,0.010359999999999925
0,HASP-fresh,trip_total,18,128,3124,0.0050000000000000044
0,uniform-K64-fresh,trip_total,18,64,1800,0.018240000000000034
0,HASP-fresh,trip_total,19,128,3124,0.003249999999999975
0,uniform-K64-fresh,trip_total,19,64,1800,0.016369999999999996
0,HASP-fresh,trip_miles,0,64,1800,0.004170000000000007
0,uniform-K64-fresh,trip_miles,0,64,1800,0.00488999999999995
0,HASP-fresh,trip_miles,1,64,1800,0.005190000000000028
0,uniform-K64-fresh,trip_miles,1,64,1800,0.008499999999999952
0,HASP-fresh,trip_miles,2,64,1800,0.012379999999999947
0,uniform-K64-fresh,trip_miles,2,64,1800,0.008669999999999956
0,HASP-fresh,trip_miles,3,64,1800,0.010519999999999974
0,uniform-K64-fresh,trip_miles,3,64,1800,0.01599000000000006
0,HASP-fresh,trip_miles,4,64,1800,0.01049
0,uniform-K64-fresh,trip_miles,4,64,1800,0.009939999999999949
0,HASP-fresh,trip_miles,5,128,3124,0.0034399999999999986
0,uniform-K64-fresh,trip_miles,5,64,1800,0.008810000000000096
0,HASP-fresh,trip_miles,6,64,1800,0.013130000000000086
0,uniform-K64-fresh,trip_miles,6,64,1800,0.0048000000000000265
0,HASP-fresh,trip_miles,7,128,3124,0.007789999999999964
0,uniform-K64-fresh,trip_miles,7,64,1800,0.0043400000000000105
0,HASP-fresh,trip_miles,8,64,1800,0.009489999999999998
0,uniform-K64-fresh,trip_miles,8,64,1800,0.010399999999999965
0,HASP-fresh,trip_miles,9,64,1800,0.010360000000000036
0,uniform-K64-fresh,trip_miles,9,64,1800,0.013889999999999958
0,HASP-fresh,trip_miles,10,64,1800,0.0043799999999999395
0,uniform-K64-fresh,trip_miles,10,64,1800,0.013070000000000026
0,HASP-fresh,trip_miles,11,64,1800,0.015220000000000011
0,uniform-K64-fresh,trip_miles,11,64,1800,0.006979999999999986
0,HASP-fresh,trip_miles,12,64,1800,0.00878000000000001
0,uniform-K64-fresh,trip_miles,12,64,1800,0.00990000000000002
0,HASP-fresh,trip_miles,13,64,1800,0.009619999999999962
0,uniform-K64-fresh,trip_miles,13,64,1800,0.006209999999999938
0,HASP-fresh,trip_miles,14,64,1800,0.017239999999999922
0,uniform-K64-fresh,trip_miles,14,64,1800,0.007499999999999951
0,HASP-fresh,trip_miles,15,64,1800,0.007979999999999987
0,uniform-K64-fresh,trip_miles,15,64,1800,0.01866000000000001
0,HASP-fresh,trip_miles,16,64,1800,0.010290000000000021
0,uniform-K64-fresh,trip_miles,16,64,1800,0.011319999999999997
0,HASP-fresh,trip_miles,17,64,1800,0.007850000000000024
0,uniform-K64-fresh,trip_miles,17,64,1800,0.00653999999999999
0,HASP-fresh,trip_miles,18,64,1800,0.016040000000000054
0,uniform-K64-fresh,trip_miles,18,64,1800,0.009129999999999971
0,HASP-fresh,trip_miles,19,64,1800,0.014550000000000063
0,uniform-K64-fresh,trip_miles,19,64,1800,0.00712999999999997
0,HASP-fresh,trip_seconds,0,64,1800,0.008299999999999974
0,uniform-K64-fresh,trip_seconds,0,64,1800,0.008039999999999936
0,HASP-fresh,trip_seconds,1,64,1800,0.006650000000000003
0,uniform-K64-fresh,trip_seconds,1,64,1800,0.015030000000000002
0,HASP-fresh,trip_seconds,2,64,1800,0.00017000000000000348
0,uniform-K64-fresh,trip_seconds,2,64,1800,0.010220000000000007
0,HASP-fresh,trip_seconds,3,64,1800,0.013060000000000072
0,uniform-K64-fresh,trip_seconds,3,64,1800,0.007510000000000017
0,HASP-fresh,trip_seconds,4,64,1800,0.00929000000000002
0,uniform-K64-fresh,trip_seconds,4,64,1800,0.008489999999999998
0,HASP-fresh,trip_seconds,5,64,1800,0.01094000000000006
0,uniform-K64-fresh,trip_seconds,5,64,1800,0.005990000000000051
0,HASP-fresh,trip_seconds,6,64,1800,0.0055699999999999986
0,uniform-K64-fresh,trip_seconds,6,64,1800,0.0034999999999999476
0,HASP-fresh,trip_seconds,7,64,1800,0.009789999999999965
0,uniform-K64-fresh,trip_seconds,7,64,1800,0.007079999999999975
0,HASP-fresh,trip_seconds,8,64,1800,0.007050000000000001
0,uniform-K64-fresh,trip_seconds,8,64,1800,0.005209999999999937
0,HASP-fresh,trip_seconds,9,64,1800,0.008589999999999987
0,uniform-K64-fresh,trip_seconds,9,64,1800,0.009979999999999989
0,HASP-fresh,trip_seconds,10,128,3124,0.0036399999999999766
0,uniform-K64-fresh,trip_seconds,10,64,1800,0.007419999999999982
0,HASP-fresh,trip_seconds,11,128,3124,0.005489999999999995
0,uniform-K64-fresh,trip_seconds,11,64,1800,0.011989999999999945
0,HASP-fresh,trip_seconds,12,128,3124,0.0024100000000000232
0,uniform-K64-fresh,trip_seconds,12,64,1800,0.006349999999999967
0,HASP-fresh,trip_seconds,13,64,1800,0.00985999999999998
0,uniform-K64-fresh,trip_seconds,13,64,1800,0.008059999999999956
0,HASP-fresh,trip_seconds,14,64,1800,0.017610000000000015
0,uniform-K64-fresh,trip_seconds,14,64,1800,0.017059999999999964
0,HASP-fresh,trip_seconds,15,64,1800,0.016129999999999978
0,uniform-K64-fresh,trip_seconds,15,64,1800,0.005719999999999947
0,HASP-fresh,trip_seconds,16,64,1800,0.013849999999999918
0,uniform-K64-fresh,trip_seconds,16,64,1800,0.006680000000000019
0,HASP-fresh,trip_seconds,17,64,1800,0.007329999999999948
0,uniform-K64-fresh,trip_seconds,17,64,1800,0.0032400000000000206
0,HASP-fresh,trip_seconds,18,64,1800,0.008610000000000007
0,uniform-K64-fresh,trip_seconds,18,64,1800,0.0069099999999999995
0,HASP-fresh,trip_seconds,19,64,1800,0.00814999999999999
0,uniform-K64-fresh,trip_seconds,19,64,1800,0.004569999999999963
1,HASP-fresh,trip_total,0,128,3124,0.004689999999999972
1,uniform-K64-fresh,trip_total,0,64,1800,0.008240000000000025
1,HASP-fresh,trip_total,1,256,6024,0.0008399999999999519
1,uniform-K64-fresh,trip_total,1,64,1800,0.006430000000000047
1,HASP-fresh,trip_total,2,128,3124,0.0024199999999999777
1,uniform-K64-fresh,trip_total,2,64,1800,0.010199999999999987
1,HASP-fresh,trip_total,3,64,1800,0.019939999999999958
1,uniform-K64-fresh,trip_total,3,64,1800,0.01106000000000007
1,HASP-fresh,trip_total,4,128,3124,0.0031400000000000317
1,uniform-K64-fresh,trip_total,4,64,1800,0.006369999999999987
1,HASP-fresh,trip_total,5,256,6024,0.003030000000000088
1,uniform-K64-fresh,trip_total,5,64,1800,0.010299999999999976
1,HASP-fresh,trip_total,6,128,3124,0.006769999999999943
1,uniform-K64-fresh,trip_total,6,64,1800,0.010380000000000056
1,HASP-fresh,trip_total,7,64,1800,0.009019999999999917
1,uniform-K64-fresh,trip_total,7,64,1800,0.0036000000000000476
1,HASP-fresh,trip_total,8,64,1800,0.010190000000000032
1,uniform-K64-fresh,trip_total,8,64,1800,0.013430000000000053
1,HASP-fresh,trip_total,9,128,3124,0.0047000000000000375
1,uniform-K64-fresh,trip_total,9,64,1800,0.00943000000000005
1,HASP-fresh,trip_total,10,128,3124,0.0021200000000000108
1,uniform-K64-fresh,trip_total,10,64,1800,0.008130000000000082
1,HASP-fresh,trip_total,11,128,3124,0.0038200000000000456
1,uniform-K64-fresh,trip_total,11,64,1800,0.00600999999999996
1,HASP-fresh,trip_total,12,256,6024,0.0011499999999999844
1,uniform-K64-fresh,trip_total,12,64,1800,0.0144200000000001
1,HASP-fresh,trip_total,13,128,3124,0.0035199999999999676
1,uniform-K64-fresh,trip_total,13,64,1800,0.004709999999999992
1,HASP-fresh,trip_total,14,128,3124,0.0033199999999999896
1,uniform-K64-fresh,trip_total,14,64,1800,0.008160000000000056
1,HASP-fresh,trip_total,15,128,3124,0.003610000000000002
1,uniform-K64-fresh,trip_total,15,64,1800,0.007689999999999975
1,HASP-fresh,trip_total,16,256,6024,0.0025600000000000067
1,uniform-K64-fresh,trip_total,16,64,1800,0.009589999999999987
1,HASP-fresh,trip_total,17,128,3124,0.005090000000000039
1,uniform-K64-fresh,trip_total,17,64,1800,0.01968000000000003
1,HASP-fresh,trip_total,18,128,3124,0.0029399999999999427
1,uniform-K64-fresh,trip_total,18,64,1800,0.011780000000000013
1,HASP-fresh,trip_total,19,128,3124,0.0042400000000000215
1,uniform-K64-fresh,trip_total,19,64,1800,0.009410000000000002
1,HASP-fresh,trip_miles,0,64,1800,0.004410000000000025
1,uniform-K64-fresh,trip_miles,0,64,1800,0.006330000000000058
1,HASP-fresh,trip_miles,1,64,1800,0.007739999999999969
1,uniform-K64-fresh,trip_miles,1,64,1800,0.004890000000000061
1,HASP-fresh,trip_miles,2,64,1800,0.003649999999999931
1,uniform-K64-fresh,trip_miles,2,64,1800,0.01419999999999999
1,HASP-fresh,trip_miles,3,64,1800,0.007070000000000021
1,uniform-K64-fresh,trip_miles,3,64,1800,0.010529999999999928
1,HASP-fresh,trip_miles,4,64,1800,0.013899999999999912
1,uniform-K64-fresh,trip_miles,4,64,1800,0.009939999999999949
1,HASP-fresh,trip_miles,5,128,3124,0.0015399999999999858
1,uniform-K64-fresh,trip_miles,5,64,1800,0.0042400000000000215
1,HASP-fresh,trip_miles,6,64,1800,0.008660000000000001
1,uniform-K64-fresh,trip_miles,6,64,1800,0.006610000000000005
1,HASP-fresh,trip_miles,7,128,3124,0.005140000000000033
1,uniform-K64-fresh,trip_miles,7,64,1800,0.011520000000000086
1,HASP-fresh,trip_miles,8,64,1800,0.0013199999999999878
1,uniform-K64-fresh,trip_miles,8,64,1800,0.009690000000000087
1,HASP-fresh,trip_miles,9,64,1800,0.00988
1,uniform-K64-fresh,trip_miles,9,64,1800,0.008920000000000039
1,HASP-fresh,trip_miles,10,64,1800,0.007269999999999999
1,uniform-K64-fresh,trip_miles,10,64,1800,0.01638000000000006
1,HASP-fresh,trip_miles,11,64,1800,0.007160000000000055
1,uniform-K64-fresh,trip_miles,11,64,1800,0.006469999999999976
1,HASP-fresh,trip_miles,12,64,1800,0.017330000000000068
1,uniform-K64-fresh,trip_miles,12,64,1800,0.007889999999999953
1,HASP-fresh,trip_miles,13,64,1800,0.009549999999999947
1,uniform-K64-fresh,trip_miles,13,64,1800,0.016199999999999992
1,HASP-fresh,trip_miles,14,64,1800,0.016479999999999995
1,uniform-K64-fresh,trip_miles,14,64,1800,0.009299999999999975
1,HASP-fresh,trip_miles,15,64,1800,0.007550000000000057
1,uniform-K64-fresh,trip_miles,15,64,1800,0.006390000000000007
1,HASP-fresh,trip_miles,16,64,1800,0.0042599999999999305
1,uniform-K64-fresh,trip_miles,16,64,1800,0.006899999999999906
1,HASP-fresh,trip_miles,17,64,1800,0.0041999999999999815
1,uniform-K64-fresh,trip_miles,17,64,1800,0.008850000000000025
1,HASP-fresh,trip_miles,18,64,1800,0.007679999999999909
1,uniform-K64-fresh,trip_miles,18,64,1800,0.004110000000000058
1,HASP-fresh,trip_miles,19,64,1800,0.01036999999999999
1,uniform-K64-fresh,trip_miles,19,64,1800,0.007809999999999984
1,HASP-fresh,trip_seconds,0,64,1800,0.0020200000000000218
1,uniform-K64-fresh,trip_seconds,0,64,1800,0.007970000000000033
1,HASP-fresh,trip_seconds,1,64,1800,0.003929999999999989
1,uniform-K64-fresh,trip_seconds,1,64,1800,0.01205999999999996
1,HASP-fresh,trip_seconds,2,64,1800,0.005790000000000073
1,uniform-K64-fresh,trip_seconds,2,64,1800,0.011909999999999976
1,HASP-fresh,trip_seconds,3,64,1800,0.007800000000000029
1,uniform-K64-fresh,trip_seconds,3,64,1800,0.008319999999999994
1,HASP-fresh,trip_seconds,4,64,1800,0.011240000000000028
1,uniform-K64-fresh,trip_seconds,4,64,1800,0.00782000000000005
1,HASP-fresh,trip_seconds,5,64,1800,0.009190000000000031
1,uniform-K64-fresh,trip_seconds,5,64,1800,0.005990000000000051
1,HASP-fresh,trip_seconds,6,64,1800,0.0022199999999999998
1,uniform-K64-fresh,trip_seconds,6,64,1800,0.012700000000000045
1,HASP-fresh,trip_seconds,7,64,1800,0.006689999999999974
1,uniform-K64-fresh,trip_seconds,7,64,1800,0.007929999999999993
1,HASP-fresh,trip_seconds,8,64,1800,0.0006199999999999539
1,uniform-K64-fresh,trip_seconds,8,64,1800,0.010050000000000003
1,HASP-fresh,trip_seconds,9,64,1800,0.006680000000000019
1,uniform-K64-fresh,trip_seconds,9,64,1800,0.003150000000000097
1,HASP-fresh,trip_seconds,10,128,3124,0.00653999999999999
1,uniform-K64-fresh,trip_seconds,10,64,1800,0.01102000000000003
1,HASP-fresh,trip_seconds,11,128,3124,0.004499999999999997
1,uniform-K64-fresh,trip_seconds,11,64,1800,0.013900000000000023
1,HASP-fresh,trip_seconds,12,128,3124,0.0015600000000000058
1,uniform-K64-fresh,trip_seconds,12,64,1800,0.007040000000000046
1,HASP-fresh,trip_seconds,13,64,1800,0.006599999999999995
1,uniform-K64-fresh,trip_seconds,13,64,1800,0.013309999999999989
1,HASP-fresh,trip_seconds,14,64,1800,0.004709999999999992
1,uniform-K64-fresh,trip_seconds,14,64,1800,0.007709999999999995
1,HASP-fresh,trip_seconds,15,64,1800,0.006460000000000021
1,uniform-K64-fresh,trip_seconds,15,64,1800,0.0024700000000000832
1,HASP-fresh,trip_seconds,16,64,1800,0.004610000000000003
1,uniform-K64-fresh,trip_seconds,16,64,1800,0.006680000000000019
1,HASP-fresh,trip_seconds,17,64,1800,0.005410000000000026
1,uniform-K64-fresh,trip_seconds,17,64,1800,0.007329999999999948
1,HASP-fresh,trip_seconds,18,64,1800,0.00717000000000001
1,uniform-K64-fresh,trip_seconds,18,64,1800,0.003550000000000053
1,HASP-fresh,trip_seconds,19,64,1800,0.00528
1,uniform-K64-fresh,trip_seconds,19,64,1800,0.010270000000000001
2,HASP-fresh,trip_total,0,128,3124,0.006079999999999974
2,uniform-K64-fresh,trip_total,0,64,1800,0.011900000000000022
2,HASP-fresh,trip_total,1,256,6024,0.002909999999999968
2,uniform-K64-fresh,trip_total,1,64,1800,0.00988
2,HASP-fresh,trip_total,2,128,3124,0.0048400000000000665
2,uniform-K64-fresh,trip_total,2,64,1800,0.013560000000000016
2,HASP-fresh,trip_total,3,64,1800,0.01106000000000007
2,uniform-K64-fresh,trip_total,3,64,1800,0.007800000000000029
2,HASP-fresh,trip_total,4,128,3124,0.0069200000000000095
2,uniform-K64-fresh,trip_total,4,64,1800,0.013759999999999994
2,HASP-fresh,trip_total,5,256,6024,0.0016000000000000458
2,uniform-K64-fresh,trip_total,5,64,1800,0.00585999999999999
2,HASP-fresh,trip_total,6,128,3124,0.005780000000000007
2,uniform-K64-fresh,trip_total,6,64,1800,0.022320000000000007
2,HASP-fresh,trip_total,7,64,1800,0.01131
2,uniform-K64-fresh,trip_total,7,64,1800,0.009789999999999965
2,HASP-fresh,trip_total,8,64,1800,0.011220000000000008
2,uniform-K64-fresh,trip_total,8,64,1800,0.007059999999999955
2,HASP-fresh,trip_total,9,128,3124,0.008050000000000002
2,uniform-K64-fresh,trip_total,9,64,1800,0.010199999999999987
2,HASP-fresh,trip_total,10,128,3124,0.004149999999999987
2,uniform-K64-fresh,trip_total,10,64,1800,0.013840000000000074
2,HASP-fresh,trip_total,11,128,3124,0.0015500000000000513
2,uniform-K64-fresh,trip_total,11,64,1800,0.01417999999999997
2,HASP-fresh,trip_total,12,256,6024,0.00273000000000001
2,uniform-K64-fresh,trip_total,12,64,1800,0.011779999999999999
2,HASP-fresh,trip_total,13,128,3124,0.003310000000000035
2,uniform-K64-fresh,trip_total,13,64,1800,0.009060000000000068
2,HASP-fresh,trip_total,14,128,3124,0.003569999999999997
2,uniform-K64-fresh,trip_total,14,64,1800,0.007319999999999993
2,HASP-fresh,trip_total,15,128,3124,0.0026999999999999247
2,uniform-K64-fresh,trip_total,15,64,1800,0.01258999999999999
2,HASP-fresh,trip_total,16,256,6024,0.0006599999999999939
2,uniform-K64-fresh,trip_total,16,64,1800,0.017589999999999995
2,HASP-fresh,trip_total,17,128,3124,0.005199999999999982
2,uniform-K64-fresh,trip_total,17,64,1800,0.013490000000000002
2,HASP-fresh,trip_total,18,128,3124,0.006630000000000025
2,uniform-K64-fresh,trip_total,18,64,1800,0.013020000000000032
2,HASP-fresh,trip_total,19,128,3124,0.0021100000000000563
2,uniform-K64-fresh,trip_total,19,64,1800,0.016369999999999996
2,HASP-fresh,trip_miles,0,64,1800,0.007079999999999975
2,uniform-K64-fresh,trip_miles,0,64,1800,0.007359999999999922
2,HASP-fresh,trip_miles,1,64,1800,0.013170000000000015
2,uniform-K64-fresh,trip_miles,1,64,1800,0.007130000000000081
2,HASP-fresh,trip_miles,2,64,1800,0.010340000000000016
2,uniform-K64-fresh,trip_miles,2,64,1800,0.007339999999999902
2,HASP-fresh,trip_miles,3,64,1800,0.009000000000000008
2,uniform-K64-fresh,trip_miles,3,64,1800,0.009120000000000017
2,HASP-fresh,trip_miles,4,64,1800,0.009610000000000007
2,uniform-K64-fresh,trip_miles,4,64,1800,0.009009999999999962
2,HASP-fresh,trip_miles,5,128,3124,0.008529999999999927
2,uniform-K64-fresh,trip_miles,5,64,1800,0.010040000000000049
2,HASP-fresh,trip_miles,6,64,1800,0.00880000000000003
2,uniform-K64-fresh,trip_miles,6,64,1800,0.01595000000000002
2,HASP-fresh,trip_miles,7,128,3124,0.007039999999999935
2,uniform-K64-fresh,trip_miles,7,64,1800,0.006300000000000083
2,HASP-fresh,trip_miles,8,64,1800,0.01371
2,uniform-K64-fresh,trip_miles,8,64,1800,0.014369999999999994
2,HASP-fresh,trip_miles,9,64,1800,0.008410000000000029
2,uniform-K64-fresh,trip_miles,9,64,1800,0.011359999999999926
2,HASP-fresh,trip_miles,10,64,1800,0.014490000000000003
2,uniform-K64-fresh,trip_miles,10,64,1800,0.008940000000000059
2,HASP-fresh,trip_miles,11,64,1800,0.014460000000000028
2,uniform-K64-fresh,trip_miles,11,64,1800,0.009499999999999953
2,HASP-fresh,trip_miles,12,64,1800,0.013029999999999986
2,uniform-K64-fresh,trip_miles,12,64,1800,0.0049799999999999844
2,HASP-fresh,trip_miles,13,64,1800,0.005170000000000008
2,uniform-K64-fresh,trip_miles,13,64,1800,0.004049999999999998
2,HASP-fresh,trip_miles,14,64,1800,0.023799999999999932
2,uniform-K64-fresh,trip_miles,14,64,1800,0.009580000000000033
2,HASP-fresh,trip_miles,15,64,1800,0.007029999999999981
2,uniform-K64-fresh,trip_miles,15,64,1800,0.007299999999999973
2,HASP-fresh,trip_miles,16,64,1800,0.008079999999999976
2,uniform-K64-fresh,trip_miles,16,64,1800,0.008079999999999976
2,HASP-fresh,trip_miles,17,64,1800,0.007460000000000022
2,uniform-K64-fresh,trip_miles,17,64,1800,0.006900000000000017
2,HASP-fresh,trip_miles,18,64,1800,0.0020499999999999963
2,uniform-K64-fresh,trip_miles,18,64,1800,0.009129999999999971
2,HASP-fresh,trip_miles,19,64,1800,0.011440000000000006
2,uniform-K64-fresh,trip_miles,19,64,1800,0.007809999999999984
2,HASP-fresh,trip_seconds,0,64,1800,0.0021200000000000108
2,uniform-K64-fresh,trip_seconds,0,64,1800,0.0048200000000000465
2,HASP-fresh,trip_seconds,1,64,1800,0.011129999999999973
2,uniform-K64-fresh,trip_seconds,1,64,1800,0.003550000000000053
2,HASP-fresh,trip_seconds,2,64,1800,0.005790000000000073
2,uniform-K64-fresh,trip_seconds,2,64,1800,0.010220000000000007
2,HASP-fresh,trip_seconds,3,64,1800,0.00763999999999998
2,uniform-K64-fresh,trip_seconds,3,64,1800,0.00763999999999998
2,HASP-fresh,trip_seconds,4,64,1800,0.006900000000000017
2,uniform-K64-fresh,trip_seconds,4,64,1800,0.004610000000000003
2,HASP-fresh,trip_seconds,5,64,1800,0.004899999999999904
2,uniform-K64-fresh,trip_seconds,5,64,1800,0.009190000000000031
2,HASP-fresh,trip_seconds,6,64,1800,0.006589999999999985
2,uniform-K64-fresh,trip_seconds,6,64,1800,0.01083999999999996
2,HASP-fresh,trip_seconds,7,64,1800,0.00913
2,uniform-K64-fresh,trip_seconds,7,64,1800,0.00913
2,HASP-fresh,trip_seconds,8,64,1800,0.009140000000000037
2,uniform-K64-fresh,trip_seconds,8,64,1800,0.005170000000000008
2,HASP-fresh,trip_seconds,9,64,1800,0.006680000000000019
2,uniform-K64-fresh,trip_seconds,9,64,1800,0.012299999999999978
2,HASP-fresh,trip_seconds,10,128,3124,0.0007200000000000539
2,uniform-K64-fresh,trip_seconds,10,64,1800,0.012880000000000003
2,HASP-fresh,trip_seconds,11,128,3124,0.0025199999999999667
2,uniform-K64-fresh,trip_seconds,11,64,1800,0.011039999999999939
2,HASP-fresh,trip_seconds,12,128,3124,0.003010000000000068
2,uniform-K64-fresh,trip_seconds,12,64,1800,0.003010000000000068
2,HASP-fresh,trip_seconds,13,64,1800,0.006770000000000054
2,uniform-K64-fresh,trip_seconds,13,64,1800,0.009780000000000011
2,HASP-fresh,trip_seconds,14,64,1800,0.007199999999999984
2,uniform-K64-fresh,trip_seconds,14,64,1800,0.0040799999999999725
2,HASP-fresh,trip_seconds,15,64,1800,0.011059999999999959
2,uniform-K64-fresh,trip_seconds,15,64,1800,0.0026000000000000467
2,HASP-fresh,trip_seconds,16,64,1800,0.004539999999999995
2,uniform-K64-fresh,trip_seconds,16,64,1800,0.006680000000000019
2,HASP-fresh,trip_seconds,17,64,1800,0.007390000000000008
2,uniform-K64-fresh,trip_seconds,17,64,1800,0.008970000000000034
2,HASP-fresh,trip_seconds,18,64,1800,0.0069099999999999995
2,uniform-K64-fresh,trip_seconds,18,64,1800,0.0018500000000000183
2,HASP-fresh,trip_seconds,19,64,1800,0.016220000000000012
2,uniform-K64-fresh,trip_seconds,19,64,1800,0.008620000000000072
3,HASP-fresh,trip_total,0,128,3124,0.003469999999999973
3,uniform-K64-fresh,trip_total,0,64,1800,0.009440000000000004
3,HASP-fresh,trip_total,1,256,6024,0.0005199999999999649
3,uniform-K64-fresh,trip_total,1,64,1800,0.011700000000000044
3,HASP-fresh,trip_total,2,128,3124,0.005750000000000033
3,uniform-K64-fresh,trip_total,2,64,1800,0.007160000000000055
3,HASP-fresh,trip_total,3,64,1800,0.007850000000000024
3,uniform-K64-fresh,trip_total,3,64,1800,0.00719000000000003
3,HASP-fresh,trip_total,4,128,3124,0.0033199999999999896
3,uniform-K64-fresh,trip_total,4,64,1800,0.008810000000000005
3,HASP-fresh,trip_total,5,256,6024,0.0042200000000000015
3,uniform-K64-fresh,trip_total,5,64,1800,0.011850000000000027
3,HASP-fresh,trip_total,6,128,3124,0.007010000000000002
3,uniform-K64-fresh,trip_total,6,64,1800,0.012309999999999988
3,HASP-fresh,trip_total,7,64,1800,0.013089999999999935
3,uniform-K64-fresh,trip_total,7,64,1800,0.006800000000000028
3,HASP-fresh,trip_total,8,64,1800,0.006240000000000023
3,uniform-K64-fresh,trip_total,8,64,1800,0.005369999999999986
3,HASP-fresh,trip_total,9,128,3124,0.0017599999999999838
3,uniform-K64-fresh,trip_total,9,64,1800,0.0026400000000000035
3,HASP-fresh,trip_total,10,128,3124,0.0064600000000000005
3,uniform-K64-fresh,trip_total,10,64,1800,0.012869999999999937
3,HASP-fresh,trip_total,11,128,3124,0.0040999999999999925
3,uniform-K64-fresh,trip_total,11,64,1800,0.008689999999999976
3,HASP-fresh,trip_total,12,256,6024,0.0018400000000000638
3,uniform-K64-fresh,trip_total,12,64,1800,0.00902
3,HASP-fresh,trip_total,13,128,3124,0.0022100000000000453
3,uniform-K64-fresh,trip_total,13,64,1800,0.009929999999999994
3,HASP-fresh,trip_total,14,128,3124,0.003730000000000011
3,uniform-K64-fresh,trip_total,14,64,1800,0.007900000000000018
3,HASP-fresh,trip_total,15,128,3124,0.004269999999999996
3,uniform-K64-fresh,trip_total,15,64,1800,0.01322000000000001
3,HASP-fresh,trip_total,16,256,6024,0.0019099999999999673
3,uniform-K64-fresh,trip_total,16,64,1800,0.006689999999999974
3,HASP-fresh,trip_total,17,128,3124,0.004310000000000036
3,uniform-K64-fresh,trip_total,17,64,1800,0.008460000000000023
3,HASP-fresh,trip_total,18,128,3124,0.007269999999999999
3,uniform-K64-fresh,trip_total,18,64,1800,0.012020000000000003
3,HASP-fresh,trip_total,19,128,3124,0.007859999999999978
3,uniform-K64-fresh,trip_total,19,64,1800,0.009319999999999995
3,HASP-fresh,trip_miles,0,64,1800,0.007940000000000058
3,uniform-K64-fresh,trip_miles,0,64,1800,0.010599999999999943
3,HASP-fresh,trip_miles,1,64,1800,0.008900000000000019
3,uniform-K64-fresh,trip_miles,1,64,1800,0.00936999999999999
3,HASP-fresh,trip_miles,2,64,1800,0.011830000000000007
3,uniform-K64-fresh,trip_miles,2,64,1800,0.008680000000000021
3,HASP-fresh,trip_miles,3,64,1800,0.013820000000000054
3,uniform-K64-fresh,trip_miles,3,64,1800,0.011229999999999962
3,HASP-fresh,trip_miles,4,64,1800,0.007480000000000042
3,uniform-K64-fresh,trip_miles,4,64,1800,0.0131
3,HASP-fresh,trip_miles,5,128,3124,0.0041399999999999215
3,uniform-K64-fresh,trip_miles,5,64,1800,0.009550000000000058
3,HASP-fresh,trip_miles,6,64,1800,0.01595000000000002
3,uniform-K64-fresh,trip_miles,6,64,1800,0.024150000000000005
3,HASP-fresh,trip_miles,7,128,3124,0.0042799999999999505
3,uniform-K64-fresh,trip_miles,7,64,1800,0.01801000000000008
3,HASP-fresh,trip_miles,8,64,1800,0.0042800000000000615
3,uniform-K64-fresh,trip_miles,8,64,1800,0.010399999999999965
3,HASP-fresh,trip_miles,9,64,1800,0.0019099999999999673
3,uniform-K64-fresh,trip_miles,9,64,1800,0.005190000000000028
3,HASP-fresh,trip_miles,10,64,1800,0.005269999999999997
3,uniform-K64-fresh,trip_miles,10,64,1800,0.007500000000000062
3,HASP-fresh,trip_miles,11,64,1800,0.0016899999999999693
3,uniform-K64-fresh,trip_miles,11,64,1800,0.003730000000000011
3,HASP-fresh,trip_miles,12,64,1800,0.005770000000000053
3,uniform-K64-fresh,trip_miles,12,64,1800,0.006979999999999986
3,HASP-fresh,trip_miles,13,64,1800,0.007730000000000015
3,uniform-K64-fresh,trip_miles,13,64,1800,0.0046200000000000685
3,HASP-fresh,trip_miles,14,64,1800,0.007509999999999906
3,uniform-K64-fresh,trip_miles,14,64,1800,0.005990000000000051
3,HASP-fresh,trip_miles,15,64,1800,0.008510000000000018
3,uniform-K64-fresh,trip_miles,15,64,1800,0.0020000000000000018
3,HASP-fresh,trip_miles,16,64,1800,0.0048599999999999755
3,uniform-K64-fresh,trip_miles,16,64,1800,0.008279999999999954
3,HASP-fresh,trip_miles,17,64,1800,0.005900000000000016
3,uniform-K64-fresh,trip_miles,17,64,1800,0.012830000000000008
3,HASP-fresh,trip_miles,18,64,1800,0.007299999999999973
3,uniform-K64-fresh,trip_miles,18,64,1800,0.010500000000000065
3,HASP-fresh,trip_miles,19,64,1800,0.015330000000000066
3,uniform-K64-fresh,trip_miles,19,64,1800,0.011340000000000017
3,HASP-fresh,trip_seconds,0,64,1800,0.0046599999999999975
3,uniform-K64-fresh,trip_seconds,0,64,1800,0.010789999999999966
3,HASP-fresh,trip_seconds,1,64,1800,0.008279999999999954
3,uniform-K64-fresh,trip_seconds,1,64,1800,0.01205999999999996
3,HASP-fresh,trip_seconds,2,64,1800,0.010220000000000007
3,uniform-K64-fresh,trip_seconds,2,64,1800,0.009319999999999995
3,HASP-fresh,trip_seconds,3,64,1800,0.009029999999999996
3,uniform-K64-fresh,trip_seconds,3,64,1800,0.0023800000000000487
3,HASP-fresh,trip_seconds,4,64,1800,0.008399999999999963
3,uniform-K64-fresh,trip_seconds,4,64,1800,0.0038899999999999976
3,HASP-fresh,trip_seconds,5,64,1800,0.01004
3,uniform-K64-fresh,trip_seconds,5,64,1800,0.010790000000000077
3,HASP-fresh,trip_seconds,6,64,1800,0.00810999999999995
3,uniform-K64-fresh,trip_seconds,6,64,1800,0.008890000000000065
3,HASP-fresh,trip_seconds,7,64,1800,0.012270000000000003
3,uniform-K64-fresh,trip_seconds,7,64,1800,0.014619999999999966
3,HASP-fresh,trip_seconds,8,64,1800,0.0024199999999999777
3,uniform-K64-fresh,trip_seconds,8,64,1800,0.0008200000000000429
3,HASP-fresh,trip_seconds,9,64,1800,0.014880000000000004
3,uniform-K64-fresh,trip_seconds,9,64,1800,0.0017499999999999183
3,HASP-fresh,trip_seconds,10,128,3124,0.0039399999999999435
3,uniform-K64-fresh,trip_seconds,10,64,1800,0.006390000000000007
3,HASP-fresh,trip_seconds,11,128,3124,0.006550000000000056
3,uniform-K64-fresh,trip_seconds,11,64,1800,0.00817000000000001
3,HASP-fresh,trip_seconds,12,128,3124,0.0024100000000000232
3,uniform-K64-fresh,trip_seconds,12,64,1800,0.006419999999999981
3,HASP-fresh,trip_seconds,13,64,1800,0.0040599999999999525
3,uniform-K64-fresh,trip_seconds,13,64,1800,0.009780000000000011
3,HASP-fresh,trip_seconds,14,64,1800,0.004709999999999992
3,uniform-K64-fresh,trip_seconds,14,64,1800,0.006269999999999998
3,HASP-fresh,trip_seconds,15,64,1800,0.0026000000000000467
3,uniform-K64-fresh,trip_seconds,15,64,1800,0.0022600000000000398
3,HASP-fresh,trip_seconds,16,64,1800,0.007739999999999969
3,uniform-K64-fresh,trip_seconds,16,64,1800,0.013849999999999918
3,HASP-fresh,trip_seconds,17,64,1800,0.0023799999999999377
3,uniform-K64-fresh,trip_seconds,17,64,1800,0.00757
3,HASP-fresh,trip_seconds,18,64,1800,0.006249999999999978
3,uniform-K64-fresh,trip_seconds,18,64,1800,0.00717000000000001
3,HASP-fresh,trip_seconds,19,64,1800,0.00544
3,uniform-K64-fresh,trip_seconds,19,64,1800,0.006979999999999986
4,HASP-fresh,trip_total,0,128,3124,0.005840000000000012
4,uniform-K64-fresh,trip_total,0,64,1800,0.015979999999999994
4,HASP-fresh,trip_total,1,256,6024,0.003990000000000049
4,uniform-K64-fresh,trip_total,1,64,1800,0.010589999999999988
4,HASP-fresh,trip_total,2,128,3124,0.006689999999999974
4,uniform-K64-fresh,trip_total,2,64,1800,0.007949999999999902
4,HASP-fresh,trip_total,3,64,1800,0.012170000000000014
4,uniform-K64-fresh,trip_total,3,64,1800,0.012069999999999914
4,HASP-fresh,trip_total,4,128,3124,0.009519999999999973
4,uniform-K64-fresh,trip_total,4,64,1800,0.01483000000000001
4,HASP-fresh,trip_total,5,256,6024,0.003370000000000005
4,uniform-K64-fresh,trip_total,5,64,1800,0.005519999999999969
4,HASP-fresh,trip_total,6,128,3124,0.008329999999999949
4,uniform-K64-fresh,trip_total,6,64,1800,0.01254999999999995
4,HASP-fresh,trip_total,7,64,1800,0.019389999999999907
4,uniform-K64-fresh,trip_total,7,64,1800,0.01093999999999995
4,HASP-fresh,trip_total,8,64,1800,0.012340000000000018
4,uniform-K64-fresh,trip_total,8,64,1800,0.021320000000000006
4,HASP-fresh,trip_total,9,128,3124,0.0017399999999999638
4,uniform-K64-fresh,trip_total,9,64,1800,0.01322000000000001
4,HASP-fresh,trip_total,10,128,3124,0.0020100000000000118
4,uniform-K64-fresh,trip_total,10,64,1800,0.00941000000000003
4,HASP-fresh,trip_total,11,128,3124,0.0042099999999999915
4,uniform-K64-fresh,trip_total,11,64,1800,0.008819999999999939
4,HASP-fresh,trip_total,12,256,6024,0.0018199999999999952
4,uniform-K64-fresh,trip_total,12,64,1800,0.008349999999999969
4,HASP-fresh,trip_total,13,128,3124,0.003909999999999969
4,uniform-K64-fresh,trip_total,13,64,1800,0.005739999999999967
4,HASP-fresh,trip_total,14,128,3124,0.0041400000000000325
4,uniform-K64-fresh,trip_total,14,64,1800,0.011799999999999922
4,HASP-fresh,trip_total,15,128,3124,0.00611000000000006
4,uniform-K64-fresh,trip_total,15,64,1800,0.009619999999999962
4,HASP-fresh,trip_total,16,256,6024,0.0037999999999999146
4,uniform-K64-fresh,trip_total,16,64,1800,0.011599999999999944
4,HASP-fresh,trip_total,17,128,3124,0.004290000000000016
4,uniform-K64-fresh,trip_total,17,64,1800,0.01708999999999994
4,HASP-fresh,trip_total,18,128,3124,0.003470000000000084
4,uniform-K64-fresh,trip_total,18,64,1800,0.007320000000000007
4,HASP-fresh,trip_total,19,128,3124,0.00859
4,uniform-K64-fresh,trip_total,19,64,1800,0.010249999999999981
4,HASP-fresh,trip_miles,0,64,1800,0.0033199999999999896
4,uniform-K64-fresh,trip_miles,0,64,1800,0.02207999999999999
4,HASP-fresh,trip_miles,1,64,1800,0.013910000000000089
4,uniform-K64-fresh,trip_miles,1,64,1800,0.013620000000000076
4,HASP-fresh,trip_miles,2,64,1800,0.005070000000000019
4,uniform-K64-fresh,trip_miles,2,64,1800,0.015240000000000031
4,HASP-fresh,trip_miles,3,64,1800,0.010509999999999908
4,uniform-K64-fresh,trip_miles,3,64,1800,0.009120000000000017
4,HASP-fresh,trip_miles,4,64,1800,0.004149999999999987
4,uniform-K64-fresh,trip_miles,4,64,1800,0.009939999999999949
4,HASP-fresh,trip_miles,5,128,3124,0.0029000000000000137
4,uniform-K64-fresh,trip_miles,5,64,1800,0.0041399999999999215
4,HASP-fresh,trip_miles,6,64,1800,0.006610000000000005
4,uniform-K64-fresh,trip_miles,6,64,1800,0.012479999999999936
4,HASP-fresh,trip_miles,7,128,3124,0.0021800000000000708
4,uniform-K64-fresh,trip_miles,7,64,1800,0.0026000000000000467
4,HASP-fresh,trip_miles,8,64,1800,0.011620000000000075
4,uniform-K64-fresh,trip_miles,8,64,1800,0.006759999999999988
4,HASP-fresh,trip_miles,9,64,1800,0.009889999999999954
4,uniform-K64-fresh,trip_miles,9,64,1800,0.0040799999999999725
4,HASP-fresh,trip_miles,10,64,1800,0.009580000000000033
4,uniform-K64-fresh,trip_miles,10,64,1800,0.007020000000000026
4,HASP-fresh,trip_miles,11,64,1800,0.0190499999999999
4,uniform-K64-fresh,trip_miles,11,64,1800,0.009139999999999926
4,HASP-fresh,trip_miles,12,64,1800,0.004650000000000043
4,uniform-K64-fresh,trip_miles,12,64,1800,0.010069999999999912
4,HASP-fresh,trip_miles,13,64,1800,0.013809999999999989
4,uniform-K64-fresh,trip_miles,13,64,1800,0.009240000000000026
4,HASP-fresh,trip_miles,14,64,1800,0.009580000000000033
4,uniform-K64-fresh,trip_miles,14,64,1800,0.009530000000000038
4,HASP-fresh,trip_miles,15,64,1800,0.003229999999999955
4,uniform-K64-fresh,trip_miles,15,64,1800,0.0044600000000000195
4,HASP-fresh,trip_miles,16,64,1800,0.0045600000000000085
4,uniform-K64-fresh,trip_miles,16,64,1800,0.015880000000000005
4,HASP-fresh,trip_miles,17,64,1800,0.010759999999999992
4,uniform-K64-fresh,trip_miles,17,64,1800,0.013869999999999938
4,HASP-fresh,trip_miles,18,64,1800,0.010500000000000065
4,uniform-K64-fresh,trip_miles,18,64,1800,0.004549999999999943
4,HASP-fresh,trip_miles,19,64,1800,0.01051000000000002
4,uniform-K64-fresh,trip_miles,19,64,1800,0.012770000000000059
4,HASP-fresh,trip_seconds,0,64,1800,0.0071400000000000005
4,uniform-K64-fresh,trip_seconds,0,64,1800,0.008050000000000002
4,HASP-fresh,trip_seconds,1,64,1800,0.006409999999999916
4,uniform-K64-fresh,trip_seconds,1,64,1800,0.013599999999999945
4,HASP-fresh,trip_seconds,2,64,1800,0.015000000000000013
4,uniform-K64-fresh,trip_seconds,2,64,1800,0.013910000000000089
4,HASP-fresh,trip_seconds,3,64,1800,0.00763999999999998
4,uniform-K64-fresh,trip_seconds,3,64,1800,0.0018299999999999983
4,HASP-fresh,trip_seconds,4,64,1800,0.01678999999999997
4,uniform-K64-fresh,trip_seconds,4,64,1800,0.003369999999999984
4,HASP-fresh,trip_seconds,5,64,1800,0.0015899999999999803
4,uniform-K64-fresh,trip_seconds,5,64,1800,0.005990000000000051
4,HASP-fresh,trip_seconds,6,64,1800,0.01083999999999996
4,uniform-K64-fresh,trip_seconds,6,64,1800,0.006589999999999985
4,HASP-fresh,trip_seconds,7,64,1800,0.003929999999999989
4,uniform-K64-fresh,trip_seconds,7,64,1800,0.0036799999999999056
4,HASP-fresh,trip_seconds,8,64,1800,0.0042399999999999105
4,uniform-K64-fresh,trip_seconds,8,64,1800,0.010050000000000003
4,HASP-fresh,trip_seconds,9,64,1800,0.006680000000000019
4,uniform-K64-fresh,trip_seconds,9,64,1800,0.0018900000000000583
4,HASP-fresh,trip_seconds,10,128,3124,0.004589999999999983
4,uniform-K64-fresh,trip_seconds,10,64,1800,0.01656000000000002
4,HASP-fresh,trip_seconds,11,128,3124,0.006840000000000068
4,uniform-K64-fresh,trip_seconds,11,64,1800,0.02041000000000004
4,HASP-fresh,trip_seconds,12,128,3124,0.004489999999999994
4,uniform-K64-fresh,trip_seconds,12,64,1800,0.005099999999999993
4,HASP-fresh,trip_seconds,13,64,1800,0.0027200000000000557
4,uniform-K64-fresh,trip_seconds,13,64,1800,0.012560000000000016
4,HASP-fresh,trip_seconds,14,64,1800,0.01425999999999994
4,uniform-K64-fresh,trip_seconds,14,64,1800,0.007099999999999995
4,HASP-fresh,trip_seconds,15,64,1800,0.004160000000000004
4,uniform-K64-fresh,trip_seconds,15,64,1800,0.004160000000000004
4,HASP-fresh,trip_seconds,16,64,1800,0.00936999999999999
4,uniform-K64-fresh,trip_seconds,16,64,1800,0.004610000000000003
4,HASP-fresh,trip_seconds,17,64,1800,0.007059999999999955
4,uniform-K64-fresh,trip_seconds,17,64,1800,0.006650000000000045
4,HASP-fresh,trip_seconds,18,64,1800,0.006919999999999996
4,uniform-K64-fresh,trip_seconds,18,64,1800,0.005330000000000057
4,HASP-fresh,trip_seconds,19,64,1800,0.005530000000000035
4,uniform-K64-fresh,trip_seconds,19,64,1800,0.005909999999999971
