epoch_size,target,budget,weight_profile,replicates_total,replicates_feasible,feasible_fraction,dominant_replicates,dominance_rate,ci_method,mean_error_improvement_fraction,sd_error_improvement_fraction,ci95_error_improvement_low,ci95_error_improvement_high,mean_target_hit_rate_gain,sd_target_hit_rate_gain,ci95_target_hit_rate_gain_low,ci95_target_hit_rate_gain_high,mean_adaptive_weighted_error,ci95_adaptive_weighted_error_low,ci95_adaptive_weighted_error_high
50000,0.005,300000,total_heavy,5,5,1.0,5,1.0,student_t_95_two_sided,0.4854084308897981,0.07872568694752524,0.38765757967319586,0.5831592821064004,0.4756410256410256,0.07124726773081093,0.38717585832929274,0.5641061929527585,0.0047904592696798795,0.0038100975127838554,0.005770821026575904
50000,0.01,300000,total_heavy,5,5,1.0,5,1.0,student_t_95_two_sided,0.4854084308897981,0.07872568694752524,0.38765757967319586,0.5831592821064004,0.3358333333333333,0.18949402658424647,0.10054542264900701,0.5711212440176596,0.0047904592696798795,0.0038100975127838554,0.005770821026575904
50000,0.005,300000,seconds_heavy,5,5,1.0,5,1.0,student_t_95_two_sided,0.46731285425501046,0.07732042507840878,0.37130686610933866,0.5633188424006823,0.42717948717948717,0.10988949271041586,0.29073366030008857,0.5636253140588858,0.00478994422099056,0.003454190464125999,0.006125697977855121
50000,0.01,300000,seconds_heavy,5,5,1.0,5,1.0,student_t_95_two_sided,0.46731285425501046,0.07732042507840878,0.37130686610933866,0.5633188424006823,0.3275,0.20471016095934275,0.0733187630702859,0.5816812369297142,0.00478994422099056,0.003454190464125999,0.006125697977855121
100000,0.005,150000,total_heavy,5,5,1.0,5,1.0,student_t_95_two_sided,0.46438549157554343,0.06614774804092755,0.38225221427086997,0.5465187688802169,0.44692307692307687,0.037006116558237975,0.4009739142793805,0.49287223956677323,0.00498825370429354,0.003925914205836242,0.006050593202750838
100000,0.01,150000,total_heavy,5,5,1.0,5,1.0,student_t_95_two_sided,0.46438549157554343,0.06614774804092755,0.38225221427086997,0.5465187688802169,0.2866666666666666,0.1774236925178446,0.066366055238884,0.5069672780944492,0.00498825370429354,0.003925914205836242,0.006050593202750838
100000,0.005,150000,seconds_heavy,5,5,1.0,5,1.0,student_t_95_two_sided,0.4536113267774454,0.1064961912604967,0.3213788401434641,0.5858438134114268,0.39948717948717943,0.1088436244458604,0.2643399695787432,0.5346343893956157,0.0049160014823309995,0.0037118148382055327,0.006120188126456466
100000,0.01,150000,seconds_heavy,5,5,1.0,5,1.0,student_t_95_two_sided,0.4536113267774454,0.1064961912604967,0.3213788401434641,0.5858438134114268,0.3,0.20497289793748077,0.04549253202353504,0.554507467976465,0.0049160014823309995,0.0037118148382055327,0.006120188126456466
50000,0.005,300000,uniform,5,5,1.0,5,1.0,student_t_95_two_sided,0.43634822178336846,0.07888396950380744,0.3384008368150869,0.53429560675165,0.3766666666666666,0.05184110338331933,0.31229743496843954,0.44103589836489365,0.00519192906655324,0.003930995072281888,0.006452863060824592
50000,0.01,300000,uniform,5,5,1.0,5,1.0,student_t_95_two_sided,0.43634822178336846,0.07888396950380744,0.3384008368150869,0.53429560675165,0.3533333333333333,0.20476951813088673,0.09907839474067781,0.6075882719259887,0.00519192906655324,0.003930995072281888,0.006452863060824592
100000,0.005,150000,uniform,5,5,1.0,5,1.0,student_t_95_two_sided,0.41046795412929615,0.09044389082456344,0.2981670310349638,0.5227688772236285,0.33974358974358976,0.043881002795191894,0.28525812836772113,0.3942290511194584,0.0054557167774807605,0.004360275622231799,0.006551157932729722
100000,0.01,150000,uniform,5,5,1.0,5,1.0,student_t_95_two_sided,0.41046795412929615,0.09044389082456344,0.2981670310349638,0.5227688772236285,0.2966666666666667,0.17175564037317667,0.08340387152685991,0.5099294618064735,0.0054557167774807605,0.004360275622231799,0.006551157932729722
100000,0.01,300000,seconds_heavy,5,5,1.0,5,1.0,student_t_95_two_sided,0.39534070266153115,0.12713906091042965,0.2374767079636149,0.5532046973594474,0.01666666666666666,0.028867513459481256,-0.01917708551363388,0.052510418846967194,0.0026925478718050006,0.001772941666491546,0.003612154077118455
100000,0.005,300000,seconds_heavy,5,5,1.0,4,0.8,student_t_95_two_sided,0.39534070266153115,0.12713906091042965,0.2374767079636149,0.5532046973594474,0.19320512820512817,0.15051044531389324,0.006321726905250125,0.3800885295050062,0.0026925478718050006,0.001772941666491546,0.003612154077118455
100000,0.01,300000,total_heavy,5,5,1.0,5,1.0,student_t_95_two_sided,0.3793131100025231,0.1458596742495676,0.198204403697106,0.5604218163079402,0.00666666666666668,0.009128709291752787,-0.004668123010970958,0.01800145634430432,0.0026327119577468803,0.002050533634190433,0.0032148902813033276
100000,0.005,300000,total_heavy,5,5,1.0,4,0.8,student_t_95_two_sided,0.3793131100025231,0.1458596742495676,0.198204403697106,0.5604218163079402,0.22717948717948716,0.17366625685649384,0.011544348337970745,0.4428146260210036,0.0026327119577468803,0.002050533634190433,0.0032148902813033276
50000,0.005,250000,total_heavy,5,5,1.0,5,1.0,student_t_95_two_sided,0.3576182822735,0.06599790565414848,0.27567105886589505,0.439565505681105,0.3230769230769231,0.03455969523182694,0.2801653937186692,0.36598845243517697,0.006037818244038861,0.004600130507155976,0.007475505980921745
50000,0.01,250000,total_heavy,5,5,1.0,4,0.8,student_t_95_two_sided,0.3576182822735,0.06599790565414848,0.27567105886589505,0.439565505681105,0.25326923076923075,0.15075936432045933,0.06607675570043095,0.44046170583803057,0.006037818244038861,0.004600130507155976,0.007475505980921745
100000,0.01,300000,uniform,5,5,1.0,5,1.0,student_t_95_two_sided,0.35310428456382115,0.13768621230905964,0.1821442716906215,0.5240642974370208,0.013333333333333319,0.01825741858350552,-0.009336246021941892,0.03600291268860853,0.0028151534728229803,0.0021078954655183936,0.003522411480127567
100000,0.005,300000,uniform,5,5,1.0,4,0.8,student_t_95_two_sided,0.35310428456382115,0.13768621230905964,0.1821442716906215,0.5240642974370208,0.21641025641025635,0.1642462311823126,0.012471624310525953,0.42034888850998675,0.0028151534728229803,0.0021078954655183936,0.003522411480127567
100000,0.01,250000,seconds_heavy,5,5,1.0,5,1.0,student_t_95_two_sided,0.3332894486560402,0.13096178928686703,0.17067890975818972,0.4958999875538907,0.01666666666666666,0.028867513459481256,-0.01917708551363388,0.052510418846967194,0.00296093465347184,0.002042974267277037,0.0038788950396666435
100000,0.005,250000,seconds_heavy,5,5,1.0,4,0.8,student_t_95_two_sided,0.3332894486560402,0.13096178928686703,0.17067890975818972,0.4958999875538907,0.17320512820512818,0.13362378989352725,0.007289278990791098,0.33912097741946523,0.00296093465347184,0.002042974267277037,0.0038788950396666435
50000,0.005,250000,seconds_heavy,5,5,1.0,5,1.0,student_t_95_two_sided,0.3311393675616185,0.06587608186149424,0.24934340837147695,0.41293532675176003,0.27897435897435885,0.08179377913023092,0.17741396815132054,0.38053474979739715,0.0060546839645803,0.0043042932808536796,0.007805074648306921
50000,0.01,250000,seconds_heavy,5,5,1.0,4,0.8,student_t_95_two_sided,0.3311393675616185,0.06587608186149424,0.24934340837147695,0.41293532675176003,0.2491025641025641,0.17055956559949512,0.037324891948397415,0.4608802362567308,0.0060546839645803,0.0043042932808536796,0.007805074648306921
100000,0.005,200000,seconds_heavy,5,5,1.0,5,1.0,student_t_95_two_sided,0.3060073958955566,0.10123420136512308,0.1803085326735727,0.43170625911754046,0.18602564102564098,0.122327949459373,0.03413543020784762,0.3379158518434343,0.00357230003808722,0.0025854815809688014,0.004559118495205639
100000,0.01,200000,seconds_heavy,5,5,1.0,4,0.8,student_t_95_two_sided,0.3060073958955566,0.10123420136512308,0.1803085326735727,0.43170625911754046,0.013333333333333319,0.03205897343611889,-0.026473139801666403,0.05313980646833304,0.00357230003808722,0.0025854815809688014,0.004559118495205639
100000,0.01,250000,total_heavy,5,5,1.0,5,1.0,student_t_95_two_sided,0.30256884973998854,0.16478854914711086,0.097956840947789,0.5071808585321881,0.00666666666666668,0.009128709291752787,-0.004668123010970958,0.01800145634430432,0.00295481067569562,0.002330874324985421,0.003578747026405819
100000,0.005,250000,total_heavy,5,5,1.0,4,0.8,student_t_95_two_sided,0.30256884973998854,0.16478854914711086,0.097956840947789,0.5071808585321881,0.2071794871794872,0.1613038844216718,0.006894261122675965,0.4074647132362984,0.00295481067569562,0.002330874324985421,0.003578747026405819
100000,0.005,200000,total_heavy,5,5,1.0,5,1.0,student_t_95_two_sided,0.3018877619845651,0.12811400493864925,0.14281321438654476,0.4609623095825854,0.25897435897435894,0.13020949210529745,0.09729792040281354,0.42065079754590434,0.0035599846368496195,0.0028708949048405928,0.004249074368858646
100000,0.01,200000,total_heavy,5,5,1.0,5,1.0,student_t_95_two_sided,0.3018877619845651,0.12811400493864925,0.14281321438654476,0.4609623095825854,0.00333333333333334,0.0074535599249993135,-0.005921483683992674,0.012588150350659355,0.0035599846368496195,0.0028708949048405928,0.004249074368858646
50000,0.005,250000,uniform,5,5,1.0,5,1.0,student_t_95_two_sided,0.2696098195521948,0.06306898856148069,0.1912993270522791,0.34792031205211055,0.20333333333333328,0.0375462677535627,0.15671348439681548,0.24995318226985108,0.006787901181877959,0.004972988866446915,0.008602813497309002
50000,0.01,250000,uniform,5,5,1.0,4,0.8,student_t_95_two_sided,0.2696098195521948,0.06306898856148069,0.1912993270522791,0.34792031205211055,0.2074358974358974,0.12347907722163123,0.05411637271837513,0.3607554221534197,0.006787901181877959,0.004972988866446915,0.008602813497309002
100000,0.005,250000,uniform,5,5,1.0,4,0.8,student_t_95_two_sided,0.26789277047547866,0.1585460603610119,0.07103183526816892,0.4647537056827884,0.20307692307692307,0.15391718445732072,0.011963496431379617,0.3941903497224665,0.00318076629333578,0.0024253568802202353,0.003936175706451325
100000,0.01,250000,uniform,5,5,1.0,4,0.8,student_t_95_two_sided,0.26789277047547866,0.1585460603610119,0.07103183526816892,0.4647537056827884,0.013333333333333319,0.01825741858350552,-0.009336246021941892,0.03600291268860853,0.00318076629333578,0.0024253568802202353,0.003936175706451325
100000,0.005,200000,uniform,5,5,1.0,5,1.0,student_t_95_two_sided,0.24269630833362008,0.126352017933004,0.08580955656581232,0.39958306010142786,0.22051282051282045,0.12876480401667095,0.06063019912955639,0.38039544189608454,0.00388903985666948,0.0030498603542790277,0.0047282193590599325
100000,0.01,200000,uniform,5,5,1.0,5,1.0,student_t_95_two_sided,0.24269630833362008,0.126352017933004,0.08580955656581232,0.39958306010142786,0.013333333333333319,0.01825741858350552,-0.009336246021941892,0.03600291268860853,0.00388903985666948,0.0030498603542790277,0.0047282193590599325
