year,bytes_per_unit,weight_profile,lef_error,plus_error,gap_plus_minus_lef,lef_bytes,plus_bytes,lef_higher_k_units,lef_lower_k_units,same_k_units,endpoints_over_one_tier_apart,higher_k_gain,lower_k_offset,same_k_gain
2019,4568,uniform,0.0027504675420719107,0.00285025077178409,9.978322971217939e-05,204848,204480,7,8,30,5,0.0005215610074899602,-0.00042177777777778084,0.0
2019,4568,tmax_heavy,0.0024843257745788567,0.00301182175933605,0.0005274959847571931,205524,205012,7,16,22,7,0.0012144761904761964,-0.0006869802057190032,0.0
2019,8730,uniform,0.0011862453198496841,0.0019040285495618694,0.0007177832297121853,392232,392808,13,13,19,13,0.0010442276741566261,-0.00032644444444444084,0.0
2019,8730,tmax_heavy,0.0010888670418403455,0.0019447741402884252,0.0008559070984480797,392312,392824,9,13,23,13,0.0011495261460671322,-0.00029361904761905226,0.0
2019,8730,awnd_heavy,0.001080235959549057,0.0018920856486856008,0.0008118496891365437,390424,392808,13,14,18,13,0.001107849689136543,-0.000295999999999999,0.0
2020,4568,uniform,0.0023475172582570454,0.0024219617027014897,7.444444444444425e-05,205392,204416,5,7,33,2,0.00038200000000000083,-0.00030755555555555647,0.0
2020,4568,tmax_heavy,0.0025249714739494053,0.0025943645392530234,6.939306530361804e-05,205472,204852,5,15,25,5,0.0006556190476190482,-0.00058622598231543,0.0
2020,8730,uniform,0.0012030660313750155,0.0014510728138125992,0.00024800678243758374,390468,392632,12,17,16,11,0.0005395623379931417,-0.0002915555555555578,0.0
2020,8730,tmax_heavy,0.0012638883487768367,0.0014398883487768304,0.00017599999999999365,391624,391800,7,19,19,8,0.0005978095238095217,-0.0004218095238095282,0.0
2020,8730,awnd_heavy,0.001134231739110885,0.001349051774771133,0.0002148200356602481,392028,392268,12,17,16,9,0.0004736533689935792,-0.0002588333333333312,0.0
2021,4568,uniform,0.0024185632019231365,0.0024897624850426436,7.11992831195071e-05,204644,204912,5,7,33,3,0.0003866666666666679,-0.0003154673835471613,0.0
2021,8730,uniform,0.0009390314815709245,0.0011868092593487,0.00024777777777777537,391788,391644,8,8,29,8,0.00040400000000000055,-0.0001562222222222252,0.0
2021,8730,tmax_heavy,0.0010368128008241963,0.0013088230159113488,0.00027201021508715256,392028,392008,6,15,24,10,0.00057333333333334,-0.0003013231182461873,0.0
2021,8730,awnd_heavy,0.0009314277780460783,0.0012397611113794135,0.00030833333333333526,392152,391644,9,8,28,6,0.00045266666666667077,-0.00014433333333333564,0.0
2022,4568,awnd_heavy,0.0026162338204282877,0.0027865671537616195,0.0001703333333333318,204500,204472,7,13,25,4,0.0007646666666666663,-0.0005943333333333343,0.0
2022,8730,uniform,0.001250408902353296,0.0013745779401427543,0.00012416903778945834,390396,391788,8,11,26,7,0.0003868888888888826,-0.0002627198510994243,0.0
2022,8730,tmax_heavy,0.0012778895295799855,0.001373295307680233,9.540577810024744e-05,392836,392532,8,14,23,5,0.00042038095238095235,-0.000324975174280705,0.0
2022,8730,awnd_heavy,0.0010365671537616178,0.0013666666666666682,0.0003300995129050504,390488,392420,9,13,23,10,0.0006248333333333355,-0.0002947338204282852,0.0
2023,8730,uniform,0.0012357656764087432,0.0015906148586836077,0.00035484918227486444,392060,391872,9,13,23,9,0.0006342222222222217,-0.0002793730399473571,0.0
2023,8730,tmax_heavy,0.0013456105413516867,0.0015037873203882126,0.00015817677903652593,391908,392600,8,22,15,13,0.0007162857142857159,-0.0005581089352491898,0.0
2023,8730,awnd_heavy,0.001043344576050838,0.0014881779093841756,0.00044483333333333766,390708,392236,11,13,21,10,0.000730833333333336,-0.00028599999999999844,0.0
