domain,year,bytes_per_unit,weight_profile,units,budget,hasp_error,hasp_plus_error,lef_error,hasp_bytes,hasp_plus_bytes,predecessor_skips,plus_gain_vs_hasp_pct,plus_gain_vs_lef_pct
noaa,2019,2458,uniform,45,110610,0.0055843156962395515,0.0055843156962395515,0.0057569823629062145,109924,109924,113,0.0,2.9992564816456753
noaa,2019,4568,uniform,45,205560,0.0031569174384507574,0.00285025077178409,0.0027504675420719103,205360,204480,81,9.714117415030104,-3.627864288011693
noaa,2019,8730,uniform,45,392850,0.0027315841051174235,0.0019040285495618694,0.0011862453198496841,392260,392808,70,30.295810918111183,-60.50883554197202
noaa,2019,2458,tmax_heavy,45,110610,0.005633849584102666,0.005633849584102666,0.005902992441245522,110428,110428,115,0.0,4.559430828037231
noaa,2019,4568,tmax_heavy,45,205560,0.003335440806955098,0.00301182175933605,0.0024843257745788567,204760,205012,82,9.70243713946997,-21.232963492745405
noaa,2019,8730,tmax_heavy,45,392850,0.0029632503307646194,0.0019447741402884252,0.0010888670418403455,392260,392824,70,34.37023797491293,-78.60529022914228
noaa,2019,2458,awnd_heavy,45,110610,0.005230585648685613,0.005230585648685613,0.0060372359595490584,109916,109916,113,0.0,13.361252007842618
noaa,2019,4568,awnd_heavy,45,205560,0.002936752315352266,0.0027392523153522666,0.0029092359595490535,205012,204480,81,6.725116005443893,5.842896436050352
noaa,2019,8730,awnd_heavy,45,392850,0.002506752315352267,0.0018920856486856008,0.001080235959549057,392260,392808,70,24.520438772599228,-75.15484760157857
noaa,2020,2458,uniform,45,110610,0.005343517258257053,0.005343517258257053,0.005608044550326386,109912,109912,113,0.0,4.716925653772458
noaa,2020,4568,uniform,45,205560,0.0027041839249237133,0.0024219617027014897,0.002347517258257045,205392,204416,73,10.43650247385393,-3.171199026656667
noaa,2020,8730,uniform,45,392850,0.002215739480479262,0.0014510728138125992,0.0012030660313750152,392744,392632,55,34.510675709098535,-20.614561127133694
noaa,2020,2458,tmax_heavy,45,110610,0.005406114331092259,0.005406114331092259,0.0055674476644255915,109968,109968,113,0.0,2.897797034792207
noaa,2020,4568,tmax_heavy,45,205560,0.0028546502535387337,0.0025943645392530234,0.0025249714739494053,204948,204852,77,9.117954606279707,-2.7482712584898104
noaa,2020,8730,tmax_heavy,45,392850,0.0023484597773482533,0.0014398883487768304,0.0012638883487768367,392744,391800,55,38.68797061524852,-13.925280676123217
noaa,2020,2458,awnd_heavy,45,110610,0.00465171844143781,0.00465171844143781,0.004774218441437803,110164,110164,114,0.0,2.5658649997401706
noaa,2020,4568,awnd_heavy,45,205560,0.0023492184414378036,0.00213838510810447,0.0022803647607917157,205392,204416,73,8.974615966504008,6.226181667443069
noaa,2020,8730,awnd_heavy,45,392850,0.001981718441437795,0.001349051774771133,0.001134231739110885,392744,392268,55,31.925154120665283,-18.939695324400265
noaa,2021,2458,uniform,45,110610,0.005519452090812021,0.005519452090812021,0.005601674313034249,109984,109984,113,0.0,1.4678151143294564
noaa,2021,4568,uniform,45,205560,0.0026735402628204185,0.0024897624850426436,0.0024185632019231365,204564,204912,77,6.873948387218257,-2.943866964604957
noaa,2021,8730,uniform,45,392850,0.001994142592682032,0.0011868092593487,0.0009390314815709244,392056,391644,62,40.48523592525573,-26.386525120889782
noaa,2021,2458,tmax_heavy,45,110610,0.005688336610348017,0.005688336610348017,0.005945955657967064,110488,110488,115,0.0,4.332676905752893
noaa,2021,4568,tmax_heavy,45,205560,0.002637003277014679,0.0023778604198718186,0.002865955657967063,204732,205080,81,9.827172358929838,17.030802159774865
noaa,2021,8730,tmax_heavy,45,392850,0.0020204420635304,0.0013088230159113488,0.0010368128008241963,392056,392008,62,35.22095785194704,-26.235229240121534
noaa,2021,2458,awnd_heavy,45,110610,0.0050293562724360525,0.0050293562724360525,0.0057269541217945695,109984,109984,113,0.0,12.1809575303516
noaa,2021,4568,awnd_heavy,45,205560,0.0025827611113794138,0.0022902611113794144,0.0023014277780460833,204560,204560,76,11.325089212133117,0.4852060435348266
noaa,2021,8730,awnd_heavy,45,392850,0.0020454277780460753,0.0012397611113794135,0.0009314277780460783,392056,391644,62,39.38866359956676,-33.103300180734124
noaa,2022,2458,uniform,45,110610,0.005718290415515744,0.005718290415515744,0.00588717930440463,109920,109920,113,0.0,2.868757348065275
noaa,2022,4568,uniform,45,205560,0.0029615200134644063,0.0027664089023532916,0.0028617422356866287,204492,205092,77,6.588208427565963,3.331303991830813
noaa,2022,8730,uniform,45,392850,0.002252888888888885,0.0013745779401427543,0.001250408902353296,391968,391788,59,38.985986085594746,-9.930274613030154
noaa,2022,2458,tmax_heavy,45,110610,0.005738505416173407,0.005738505416173407,0.005911569124629253,110172,110172,114,0.0,2.9275426677295266
noaa,2022,4568,tmax_heavy,45,205560,0.002894080005770454,0.0026251276248180724,0.0028156482733162646,204928,205276,79,9.293190942065257,6.766493183958571
noaa,2022,8730,tmax_heavy,45,392850,0.002246533402918332,0.001373295307680233,0.0012778895295799855,392676,392532,59,38.87047012538206,-7.465886204702314
noaa,2022,2458,awnd_heavy,45,110610,0.0053662267070598985,0.0053662267070598985,0.005534393373726565,110084,110084,114,0.0,3.038574515953351
noaa,2022,4568,awnd_heavy,45,205560,0.002913900487094953,0.0027865671537616195,0.0026162338204282877,205448,204472,77,4.369858679020296,-6.510631121856209
noaa,2022,8730,awnd_heavy,45,392850,0.002359666666666668,0.0013666666666666682,0.0010365671537616178,391968,392420,59,42.08221500211891,-31.845453688856157
noaa,2023,2458,uniform,45,110610,0.005803535707598396,0.005803535707598396,0.00597685825562671,109944,109944,113,0.0,2.8998939010331246
noaa,2023,4568,uniform,45,205560,0.002684654565297629,0.002650210120853184,0.002736202374265055,204660,204660,71,1.283012156933732,3.142759257160885
noaa,2023,8730,uniform,45,392850,0.0017919481920169419,0.0015906148586836077,0.0012357656764087432,392236,391872,46,11.235443872220538,-28.7149246049697
noaa,2023,2458,tmax_heavy,45,110610,0.005595415442887638,0.005595415442887638,0.006014367823840022,110244,110244,114,0.0,6.965858976760971
noaa,2023,4568,tmax_heavy,45,205560,0.0027866581603993097,0.0026985629223040715,0.0032049392524114446,204884,205232,75,3.1613220217371327,15.799872953172759
noaa,2023,8730,tmax_heavy,45,392850,0.0018551206537215465,0.0015037873203882126,0.0013456105413516867,391624,392600,49,18.938570525239218,-11.755019314699696
noaa,2023,2458,awnd_heavy,45,110610,0.005156273789461854,0.005156273789461854,0.0053697737894618566,110196,110196,114,0.0,3.9759589206345156
noaa,2023,4568,awnd_heavy,45,205560,0.0023380112427175046,0.002318511242717504,0.0024219636958929163,204552,204552,72,0.8340421826772435,4.271428731604988
noaa,2023,8730,awnd_heavy,45,392850,0.0016363333333333319,0.0014881779093841756,0.001043344576050838,392824,392236,47,9.054110243378878,-42.63532331926962
chicago,,2000,uniform,558,1116000,0.007642001891449556,0.007642001891449556,0.007749779669227335,1115696,1115696,1554,0.0,1.3907205414592683
chicago,,2500,uniform,558,1395000,0.005391482297089247,0.005391482297089247,0.005651517651328013,1393788,1393788,1351,0.0,4.601159728797138
chicago,,3000,uniform,558,1674000,0.00430728874870215,0.004284958999598208,0.004458996591856507,1672908,1672896,1205,0.5184177427313205,3.903066276752597
chicago,,4000,uniform,558,2232000,0.003256415946695214,0.003100593493619013,0.0030495540670957165,2231388,2231176,1005,4.7850905912169495,-1.6736685233426434
chicago,,2000,total_heavy,558,1116000,0.006777100320715134,0.006777100320715134,0.006970827919281444,1115688,1115688,1556,0.0,2.779118934071752
chicago,,2500,total_heavy,558,1395000,0.004964458903381166,0.0049392476889850365,0.005335501925244203,1394980,1393776,1386,0.5078340839715366,7.426747132905026
chicago,,3000,total_heavy,558,1674000,0.004084736496582037,0.003953037826988775,0.004318835258577536,1673016,1672980,1231,3.224165615174029,8.469816737331202
chicago,,4000,total_heavy,558,2232000,0.003283983808409994,0.0029459589739421806,0.003164910527394738,2231660,2230872,1035,10.293133407118562,6.918096153346615
chicago,,2000,seconds_heavy,558,1116000,0.006838207436315541,0.006838207436315541,0.007042078404057479,1115736,1115736,1554,0.0,2.8950397317995247
chicago,,2500,seconds_heavy,558,1395000,0.0048286017015485155,0.004792472669290451,0.005167526432731315,1394944,1394940,1383,0.7482297048124309,7.2578973387587995
chicago,,3000,seconds_heavy,558,1674000,0.0038161646695904273,0.0037298564258628282,0.004084323721558147,1672812,1672796,1231,2.2616488333262144,8.678726757733392
chicago,,4000,seconds_heavy,558,2232000,0.002960651300765512,0.00278415584483673,0.0029929691781715117,2231568,2231728,1035,5.961372617003114,6.976795312751985
