units,budget,repeat,method,dp_granularity_bytes,runtime_ms,weighted_mean_error,within_budget
30,75000,0,hasp,16,38.427607000016906,0.004714333333333282,True
30,75000,0,largest_error_first,16,85.06582699999399,0.005257999999999943,True
30,75000,1,hasp,16,32.71681499995793,0.004714333333333282,True
30,75000,1,largest_error_first,16,83.8628839999842,0.005257999999999943,True
30,75000,2,hasp,16,31.290995000006205,0.004714333333333282,True
30,75000,2,largest_error_first,16,73.85915899999418,0.005257999999999943,True
30,75000,3,hasp,16,29.722321000008378,0.004714333333333282,True
30,75000,3,largest_error_first,16,75.15878499998507,0.005257999999999943,True
30,75000,4,hasp,16,31.62623700001177,0.004714333333333282,True
30,75000,4,largest_error_first,16,88.7964259999876,0.005257999999999943,True
60,150000,0,hasp,16,52.205021999952805,0.005000833333333282,True
60,150000,0,largest_error_first,16,332.32012099995245,0.00528866666666661,True
60,150000,1,hasp,16,56.54322100002673,0.005000833333333282,True
60,150000,1,largest_error_first,16,275.08654899997964,0.00528866666666661,True
60,150000,2,hasp,16,52.64024899997821,0.005000833333333282,True
60,150000,2,largest_error_first,16,285.44579900000144,0.00528866666666661,True
60,150000,3,hasp,16,55.2598200000034,0.005000833333333282,True
60,150000,3,largest_error_first,16,301.8622730000402,0.00528866666666661,True
60,150000,4,hasp,16,72.26176299997178,0.005000833333333282,True
60,150000,4,largest_error_first,16,382.5387139999634,0.00528866666666661,True
120,300000,0,hasp,16,133.77664299997605,0.004969749999999947,True
120,300000,0,largest_error_first,16,1107.2453749999909,0.00528866666666661,True
120,300000,1,hasp,16,114.54608099995767,0.004969749999999947,True
120,300000,1,largest_error_first,16,1174.3672589999505,0.00528866666666661,True
120,300000,2,hasp,16,127.73973000003025,0.004969749999999947,True
120,300000,2,largest_error_first,16,1178.8232719999883,0.00528866666666661,True
120,300000,3,hasp,16,145.65441100000953,0.004969749999999947,True
120,300000,3,largest_error_first,16,1191.4956180000331,0.00528866666666661,True
120,300000,4,hasp,16,115.6552190000184,0.004969749999999947,True
120,300000,4,largest_error_first,16,1067.1508980000226,0.00528866666666661,True
240,600000,0,hasp,16,229.69576799999913,0.00496974999999995,True
240,600000,0,largest_error_first,16,4438.454715999967,0.005268166666666616,True
240,600000,1,hasp,16,233.2429950000119,0.00496974999999995,True
240,600000,1,largest_error_first,16,4350.592314999972,0.005268166666666616,True
240,600000,2,hasp,16,233.90564300001415,0.00496974999999995,True
240,600000,2,largest_error_first,16,4338.54174999999,0.005268166666666616,True
240,600000,3,hasp,16,227.9385950000119,0.00496974999999995,True
240,600000,3,largest_error_first,16,4309.7767730000105,0.005268166666666616,True
240,600000,4,hasp,16,281.69503999998824,0.00496974999999995,True
240,600000,4,largest_error_first,16,4179.92463600001,0.005268166666666616,True
