stream,epoch,k,bytes,max_rank_error,build_wall_ms,build_cpu_ms
trip_total,0,64,1800,0.007000000000000006,227.3306559982302,189.7966869999994
trip_total,0,128,3124,0.0033999999999999586,222.15677200074424,193.37097100000022
trip_total,0,256,6024,0.0021900000000000253,56.97580299965921,53.75195399999999
trip_total,0,512,11476,0.0009399999999999409,205.40589300071588,190.50853999999973
trip_total,0,1024,22744,0.000260000000000038,192.16404300095746,187.8132570000002
trip_total,1,64,1800,0.010720000000000063,67.27790700097103,65.38933600000085
trip_total,1,128,3124,0.006989999999999941,185.58519200087176,180.93760999999998
trip_total,1,256,6024,0.0018099999999999783,107.7297189985984,67.57690900000046
trip_total,1,512,11476,0.0016899999999999693,210.27364199835574,192.6561280000003
trip_total,1,1024,22744,0.00025999999999992696,207.9427630014834,189.51542900000007
trip_total,2,64,1800,0.01038,64.56362700191676,63.664143999999645
trip_total,2,128,3124,0.006059999999999954,201.54385799833108,188.8567339999998
trip_total,2,256,6024,0.003920000000000035,223.39397399991867,193.55818599999975
trip_total,2,512,11476,0.0007399999999999629,244.6012789987435,193.1085640000001
trip_total,2,1024,22744,0.0007000000000000339,91.62158799881581,64.06611999999967
trip_total,3,64,1800,0.0029400000000000537,228.62555000028806,190.90410300000028
trip_total,3,128,3124,0.009010000000000074,233.1281789993227,193.39891999999992
trip_total,3,256,6024,0.0014699999999999713,227.6001019999967,191.68745999999982
trip_total,3,512,11476,0.00046000000000001595,235.16585000106716,65.07253800000079
trip_total,3,1024,22744,0.0005100000000000104,72.14443699922413,64.91384799999977
trip_total,4,64,1800,0.012739999999999974,202.4585159997514,190.4649220000003
trip_total,4,128,3124,0.0042999999999999705,195.19649799985928,185.1924020000002
trip_total,4,256,6024,0.005049999999999999,66.74772899714299,64.35041399999974
trip_total,4,512,11476,0.0017700000000000493,201.877286999661,192.24720099999894
trip_total,4,1024,22744,0.0010700000000000154,84.25394899677485,64.2157430000001
trip_total,5,64,1800,0.010399999999999965,201.03422499960288,191.14654600000057
trip_total,5,128,3124,0.0075899999999999995,207.6409090004745,186.6386680000005
trip_total,5,256,6024,0.003469999999999973,84.759812001721,64.86491000000072
trip_total,5,512,11476,0.0015399999999999858,212.15363199735293,189.62380800000034
trip_total,5,1024,22744,0.00024000000000001798,195.7755770017684,190.07456499999975
trip_total,6,64,1800,0.006469999999999976,241.1259649998101,193.18538699999976
trip_total,6,128,3124,0.004430000000000045,67.8607980007655,65.6092250000011
trip_total,6,256,6024,0.0019000000000000128,192.40432900187443,188.21742699999965
trip_total,6,512,11476,0.0019000000000000128,64.27187499866704,62.653826000000024
trip_total,6,1024,22744,0.000140000000000029,193.1352159990638,189.77969799999883
trip_total,7,64,1800,0.0036399999999999974,66.13168100011535,64.44321200000047
trip_total,7,128,3124,0.005630000000000024,204.11891500043566,190.9948450000005
trip_total,7,256,6024,0.0025199999999999667,224.20565799984615,189.05106199999898
trip_total,7,512,11476,0.0012600000000000389,241.49862299964298,195.76931399999964
trip_total,7,1024,22744,0.0006300000000000194,100.67636700114235,66.03412299999967
trip_total,8,64,1800,0.005140000000000033,195.0524960011535,188.77828099999937
trip_total,8,128,3124,0.006449999999999956,198.28651100033312,189.35734799999972
trip_total,8,256,6024,0.0010499999999999954,91.49565100233303,67.79605200000027
trip_total,8,512,11476,0.0006599999999999939,201.0357250001107,188.44163900000055
trip_total,8,1024,22744,0.00039999999999995595,192.4264929984929,188.54847599999937
trip_total,9,64,1800,0.009479999999999933,63.44246300068335,56.68636700000107
trip_total,9,128,3124,0.0030999999999999917,198.56303699998534,190.9609320000012
trip_total,9,256,6024,0.002789999999999959,66.30453999969177,61.705264000000426
trip_total,9,512,11476,0.0008400000000000629,198.90908600063995,189.10188999999988
trip_total,9,1024,22744,0.00045999999999990493,84.06150000155321,60.65021899999934
trip_total,10,64,1800,0.011020000000000002,195.79429599980358,189.16391499999997
trip_total,10,128,3124,0.0027599999999999847,59.37981699753436,59.27565200000018
trip_total,10,256,6024,0.0014899999999999913,191.49776799895335,188.95047100000005
trip_total,10,512,11476,0.0009200000000000319,189.41510999866296,188.75642999999974
trip_total,10,1024,22744,8.999999999992347e-05,64.80981899949256,61.30678799999956
trip_total,11,64,1800,0.010099999999999998,201.84577699910733,190.88866000000058
trip_total,11,128,3124,0.0036199999999999566,230.80526500052656,66.46816700000002
trip_total,11,256,6024,0.003370000000000095,65.42495699977735,63.27696300000163
trip_total,11,512,11476,0.0017500000000000293,189.30172199907247,187.7188729999997
trip_total,11,1024,22744,0.00031000000000003247,75.84869200218236,61.49521999999941
trip_total,12,64,1800,0.019959999999999978,208.45261399881565,61.700174000000274
trip_total,12,128,3124,0.00609000000000004,66.87009699817281,62.82426699999988
trip_total,12,256,6024,0.0015100000000000113,226.75448500012862,192.40088300000124
trip_total,12,512,11476,0.0014999999999999458,220.7718730023771,67.5852490000004
trip_total,12,1024,22744,0.0006800000000000139,215.59659099875716,71.22678700000051
trip_total,13,64,1800,0.014839999999999964,90.23735700247926,70.00294900000092
trip_total,13,128,3124,0.010990000000000055,202.1297469982528,192.299435999999
trip_total,13,256,6024,0.0024899999999999922,197.99745799900847,66.48764900000081
trip_total,13,512,11476,0.0010499999999999954,235.01213999770698,64.58740000000063
trip_total,13,1024,22744,0.0008799999999999919,97.12980500262347,59.98498299999966
trip_total,14,64,1800,0.009299999999999975,209.7287540018442,194.2432459999992
trip_total,14,128,3124,0.0040200000000000236,199.31718099905993,188.0364219999997
trip_total,14,256,6024,0.0016300000000000203,79.09124200159567,59.484604999999746
trip_total,14,512,11476,0.0009500000000000064,215.66102400174714,66.49988599999901
trip_total,14,1024,22744,0.00046999999999997044,220.13592800067272,62.88564900000004
trip_total,15,64,1800,0.010599999999999943,242.19380900103715,62.17922700000145
trip_total,15,128,3124,0.00562,80.78087700050673,62.77263600000005
trip_total,15,256,6024,0.0015399999999999858,195.81210800242843,61.59714999999899
trip_total,15,512,11476,0.0012799999999999478,63.891374000377255,59.35442000000002
trip_total,15,1024,22744,4.0000000000040004e-05,200.7500039981096,184.82329299999913
trip_total,16,64,1800,0.017800000000000038,234.71770099786227,194.72118699999896
trip_total,16,128,3124,0.007759999999999989,223.94770900064032,192.88947200000095
trip_total,16,256,6024,0.002569999999999961,74.80907699937234,69.68158300000127
trip_total,16,512,11476,0.0005800000000000249,210.40129700122634,192.89568199999962
trip_total,16,1024,22744,0.0008799999999999919,217.55476199905388,67.32643800000204
trip_total,17,64,1800,0.008099999999999996,257.24876599997515,71.61823800000278
trip_total,17,128,3124,0.0048000000000000265,68.89614400279243,64.83655799999966
trip_total,17,256,6024,0.003230000000000066,205.9914530000242,191.42832200000015
trip_total,17,512,11476,0.0008400000000000074,230.28125099881436,190.82192300000145
trip_total,17,1024,22744,0.00046999999999997044,208.93842200166546,190.24888799999928
trip_total,18,64,1800,0.007360000000000005,254.60438700247323,192.85364699999974
trip_total,18,128,3124,0.0041399999999999215,65.21489700025995,64.06482399999902
trip_total,18,256,6024,0.0019300000000000983,215.31273799701012,192.09629999999933
trip_total,18,512,11476,0.0010999999999999899,77.98783300313517,65.2003530000016
trip_total,18,1024,22744,0.0005800000000000249,201.85347300139256,191.7129399999986
trip_total,19,64,1800,0.010840000000000072,199.28229700235534,191.141193
trip_total,19,128,3124,0.003929999999999989,96.95444799945108,65.7152279999984
trip_total,19,256,6024,0.004349999999999965,203.83844200114254,189.8269060000004
trip_total,19,512,11476,0.00039000000000000146,206.67216299989377,65.17036899999695
trip_total,19,1024,22744,0.0008099999999999774,228.74112999852514,190.29284200000163
trip_miles,0,64,1800,0.00662000000000007,230.897305002145,66.58604500000109
trip_miles,0,128,3124,0.0033199999999999896,106.14038499988965,64.7158300000008
trip_miles,0,256,6024,0.0004899999999999904,248.29363800017745,190.43791200000015
trip_miles,0,512,11476,4.999999999999449e-05,204.04982299805852,189.25349399999902
trip_miles,0,1024,22744,0.0007200000000000539,205.74450599815464,190.1574549999978
trip_miles,1,64,1800,0.006719999999999948,70.85407900012797,62.74032199999979
trip_miles,1,128,3124,0.003709999999999991,200.54892500047572,190.28123100000016
trip_miles,1,256,6024,0.0017700000000000493,232.05471099936403,192.24248299999758
trip_miles,1,512,11476,0.0014399999999999968,73.8541479986452,65.14346199999821
trip_miles,1,1024,22744,0.00048000000000003595,199.77446399934706,190.24276300000054
trip_miles,2,64,1800,0.010340000000000016,70.78114700198057,64.95170599999867
trip_miles,2,128,3124,0.009110000000000062,195.91327799935243,189.41825099999932
trip_miles,2,256,6024,0.00039999999999995595,201.92928699907498,191.3740879999999
trip_miles,2,512,11476,0.00039999999999995595,248.55638400185853,194.35816100000025
trip_miles,2,1024,22744,0.00039999999999995595,67.59920799959218,66.35430599999737
trip_miles,3,64,1800,0.006359999999999921,212.28071799851023,194.1649329999997
trip_miles,3,128,3124,0.0028400000000000647,72.44279400038067,68.73035199999933
trip_miles,3,256,6024,0.0018899999999999473,198.79264400151442,191.52977800000315
trip_miles,3,512,11476,0.0005800000000000249,203.0345720013429,190.0020970000007
trip_miles,3,1024,22744,9.999999999998899e-05,91.07647699784138,67.24591600000096
trip_miles,4,64,1800,0.010539999999999994,199.74896799976705,191.3806859999987
trip_miles,4,128,3124,0.009530000000000038,192.59629199950723,190.16824700000257
trip_miles,4,256,6024,0.003369999999999984,83.05260799897951,66.41559000000186
trip_miles,4,512,11476,0.00034999999999996145,196.90922800145927,191.0106539999994
trip_miles,4,1024,22744,0.0,70.77395400119713,65.41008100000312
trip_miles,5,64,1800,0.013539999999999996,238.9533700006723,190.42030499999996
trip_miles,5,128,3124,0.0035999999999999366,215.6960620013706,188.090969000001
trip_miles,5,256,6024,0.0022100000000000453,206.19399099814473,190.86832200000003
trip_miles,5,512,11476,0.0018799999999999928,71.32993699997314,65.20869899999937
trip_miles,5,1024,22744,0.0005300000000000304,218.0710269967676,191.6453390000008
trip_miles,6,64,1800,0.009279999999999955,68.81849299679743,66.47424800000223
trip_miles,6,128,3124,0.0043600000000000305,384.51749199884944,194.49209600000117
trip_miles,6,256,6024,0.0019900000000000473,66.70478800151614,66.611537
trip_miles,6,512,11476,0.0006800000000000139,211.34499499748927,188.29413299999942
trip_miles,6,1024,22744,0.00035999999999991594,233.62219099726644,196.36828300000175
trip_miles,7,64,1800,0.015479999999999938,84.50073799758684,70.64309199999741
trip_miles,7,128,3124,0.007090000000000041,220.93152500019642,188.75303700000146
trip_miles,7,256,6024,0.0015800000000000258,237.05716599943116,194.86754200000078
trip_miles,7,512,11476,0.0008599999999999719,207.54413299800945,195.92971299999817
trip_miles,7,1024,22744,2.0000000000020002e-05,70.62606800172944,66.46826000000061
trip_miles,8,64,1800,0.003029999999999977,224.52559700104757,192.7072669999994
trip_miles,8,128,3124,0.007429999999999937,200.15963300102158,65.80608599999849
trip_miles,8,256,6024,0.0019500000000000073,239.35286000050837,193.05608699999866
trip_miles,8,512,11476,0.0008599999999999719,73.36854200184462,66.17226799999898
trip_miles,8,1024,22744,0.00046999999999997044,223.01757199966232,192.78726300000315
trip_miles,9,64,1800,0.009160000000000057,210.17019099963363,197.09925000000084
trip_miles,9,128,3124,0.006839999999999957,75.02005800051847,64.68487600000117
trip_miles,9,256,6024,0.002610000000000001,239.7231750001083,193.40582399999917
trip_miles,9,512,11476,0.00039000000000000146,240.19752900130698,67.89342500000117
trip_miles,9,1024,22744,0.0005100000000000104,233.23108200202114,66.69046899999742
trip_miles,10,64,1800,0.007979999999999987,205.0811410008464,190.4850610000004
trip_miles,10,128,3124,0.0024899999999999922,77.50647700231639,69.49656100000112
trip_miles,10,256,6024,0.002969999999999917,218.22170700033894,192.9720479999979
trip_miles,10,512,11476,0.00029999999999996696,234.84475200166344,193.72646800000126
trip_miles,10,1024,22744,0.0,66.305371998169,64.50925200000057
trip_miles,11,64,1800,0.010519999999999974,205.08769399748417,191.40053400000312
trip_miles,11,128,3124,0.004129999999999967,196.89702799951192,192.22885399999967
trip_miles,11,256,6024,0.0006499999999999284,67.63560900071752,65.95273399999968
trip_miles,11,512,11476,0.0018900000000000583,208.93229300054372,191.3194849999975
trip_miles,11,1024,22744,0.0013100000000000334,234.599198000069,66.18788100000117
trip_miles,12,64,1800,0.0041400000000000325,75.75214399912511,66.58331799999928
trip_miles,12,128,3124,0.004690000000000083,256.9525879989669,68.18668700000075
trip_miles,12,256,6024,0.0011700000000000044,233.2163600003696,65.57333700000001
trip_miles,12,512,11476,0.0014699999999999713,444.11030400078744,317.27030700000114
trip_miles,12,1024,22744,0.00024999999999997247,88.15052000136347,64.85423799999879
trip_miles,13,64,1800,0.009689999999999976,107.03220399955171,68.26228699999959
trip_miles,13,128,3124,0.0024899999999999922,199.53252599952975,193.55989800000017
trip_miles,13,256,6024,0.0003300000000000525,201.95619199876091,192.5633989999973
trip_miles,13,512,11476,0.0009799999999999809,104.83539000051678,70.66229699999838
trip_miles,13,1024,22744,0.0009400000000000519,202.6456829989911,64.6492020000018
trip_miles,14,64,1800,0.005269999999999997,204.4244520002394,191.01946900000044
trip_miles,14,128,3124,0.0049799999999999844,70.49939799981075,66.54873200000111
trip_miles,14,256,6024,0.0016199999999999548,196.24802800171892,191.651279000002
trip_miles,14,512,11476,0.00048000000000003595,70.55837400184828,66.28925200000069
trip_miles,14,1024,22744,0.0,231.03596399960225,193.34322100000279
trip_miles,15,64,1800,0.006970000000000032,221.06634699957795,192.35985699999958
trip_miles,15,128,3124,0.0020000000000000018,208.35940600227332,193.36114599999732
trip_miles,15,256,6024,0.0022100000000000453,82.88238899694989,69.78953600000182
trip_miles,15,512,11476,0.00012000000000000899,198.55331600047066,192.60811299999858
trip_miles,15,1024,22744,2.0000000000020002e-05,69.71898799747578,65.4912199999984
trip_miles,16,64,1800,0.0024699999999999722,222.35191499930806,65.39888200000021
trip_miles,16,128,3124,0.008070000000000022,216.3942320003116,67.98927000000177
trip_miles,16,256,6024,0.0019400000000000528,200.34638200013433,191.43329999999992
trip_miles,16,512,11476,0.0005100000000000104,74.50789699942106,65.20873999999921
trip_miles,16,1024,22744,0.0009599999999999609,196.13652900079614,189.76107599999992
trip_miles,17,64,1800,0.00932999999999995,72.41969399910886,66.49578900000108
trip_miles,17,128,3124,0.003960000000000075,248.04954399951384,193.84988400000225
trip_miles,17,256,6024,0.0010700000000000154,225.94404499977827,190.04350499999845
trip_miles,17,512,11476,0.0015499999999999403,243.40462899999693,193.74564199999966
trip_miles,17,1024,22744,0.0,227.0527230029984,192.6277909999996
trip_miles,18,64,1800,0.005640000000000089,208.4586910023063,191.53301199999717
trip_miles,18,128,3124,0.005530000000000035,248.83608299933258,194.28414400000094
trip_miles,18,256,6024,0.0021299999999999653,70.89088800057652,64.0904620000029
trip_miles,18,512,11476,0.0017300000000000093,201.34103400050662,189.91521599999928
trip_miles,18,1024,22744,0.00039000000000000146,71.41460700222524,64.20621899999901
trip_miles,19,64,1800,0.006149999999999989,198.43954799944186,191.68827200000038
trip_miles,19,128,3124,0.0010799999999999699,69.88558399825706,66.26156700000152
trip_miles,19,256,6024,0.0031400000000000317,215.47346100123832,191.13961200000062
trip_miles,19,512,11476,0.0015199999999999658,195.27750499764807,63.197723000001815
trip_miles,19,1024,22744,0.00034000000000000696,68.08906700098305,64.60742499999839
trip_seconds,0,64,1800,0.0071400000000000005,208.566007000627,191.59672300000352
trip_seconds,0,128,3124,0.0,195.78943899978185,190.3936869999967
trip_seconds,0,256,6024,0.0017700000000000493,68.43755899899406,65.52153799999871
trip_seconds,0,512,11476,0.00024999999999997247,190.93870800134027,63.78011599999667
trip_seconds,0,1024,22744,0.0,82.5409880017105,65.63945100000268
trip_seconds,1,64,1800,0.0012499999999999734,216.71616400271887,192.40688499999692
trip_seconds,1,128,3124,0.0016500000000000403,195.5207410028379,189.99535899999387
trip_seconds,1,256,6024,0.003550000000000053,75.60599300268223,62.44499799999659
trip_seconds,1,512,11476,0.0011899999999999133,195.06669399925158,189.214671000002
trip_seconds,1,1024,22744,0.0,67.4874770011229,63.90955199999837
trip_seconds,2,64,1800,0.004749999999999921,210.07870599714806,67.63359199999996
trip_seconds,2,128,3124,0.005550000000000055,216.17405299912207,192.02028899999846
trip_seconds,2,256,6024,0.0010099999999999554,70.68342699858476,66.19831800000497
trip_seconds,2,512,11476,0.00017000000000000348,205.1877779995266,193.1838920000004
trip_seconds,2,1024,22744,0.00017000000000000348,198.2410919990798,191.56791500000026
trip_seconds,3,64,1800,0.006809999999999983,68.19418800296262,66.11606000000592
trip_seconds,3,128,3124,0.0028200000000000447,200.66151900027762,191.52512100000507
trip_seconds,3,256,6024,0.0,240.46778400224866,194.99911399999803
trip_seconds,3,512,11476,0.0006899999999999684,76.41180800055736,65.649865999994
trip_seconds,3,1024,22744,0.0,201.71075599864707,189.18028699999923
trip_seconds,4,64,1800,0.011279999999999957,67.85793200106127,64.56563100000068
trip_seconds,4,128,3124,0.005170000000000008,213.87132100062445,194.3965090000006
trip_seconds,4,256,6024,0.0014799999999999258,251.9675820003613,194.61003800000043
trip_seconds,4,512,11476,0.0006599999999999939,253.37962400226388,191.27928500000024
trip_seconds,4,1024,22744,0.0,226.1822820000816,190.13821400000097
trip_seconds,5,64,1800,0.009190000000000031,206.04238099986105,190.97983800000407
trip_seconds,5,128,3124,0.005359999999999997,69.77552399985143,65.69906400000036
trip_seconds,5,256,6024,0.0007400000000000739,205.87993300068774,192.10238600000196
trip_seconds,5,512,11476,0.0007900000000000684,229.71029900145368,66.42373299999349
trip_seconds,5,1024,22744,0.00031000000000003247,71.7073830019217,64.5289180000006
trip_seconds,6,64,1800,0.005820000000000047,205.47266499852412,190.909879000003
trip_seconds,6,128,3124,0.0031999999999999806,67.4301210019621,65.32482000000073
trip_seconds,6,256,6024,0.0017899999999999583,191.96785500025726,188.67897999999883
trip_seconds,6,512,11476,0.0012699999999999934,66.15607300045667,64.00522399999886
trip_seconds,6,1024,22744,0.0,226.13270000147168,193.53240899999946
trip_seconds,7,64,1800,0.00605,201.11286400060635,66.05923899999766
trip_seconds,7,128,3124,0.0046800000000000175,204.47280000007595,190.70640500000025
trip_seconds,7,256,6024,0.0006399999999999739,80.41658700312837,65.43467600000241
trip_seconds,7,512,11476,0.0,202.68693899924983,190.93551099999928
trip_seconds,7,1024,22744,9.00000000000345e-05,71.63057399884565,66.46984600000394
trip_seconds,8,64,1800,0.00979999999999992,214.7813519986812,191.53760300000044
trip_seconds,8,128,3124,0.006650000000000045,227.89191199990455,192.78801999999473
trip_seconds,8,256,6024,0.0023300000000000542,197.66943200011156,189.8885849999985
trip_seconds,8,512,11476,0.001060000000000061,75.35494200055837,64.32467299999445
trip_seconds,8,1024,22744,0.0,196.53524699970149,190.09604099999677
trip_seconds,9,64,1800,0.009319999999999995,67.03874999948312,65.25847599999679
trip_seconds,9,128,3124,0.0024399999999999977,202.2052749998693,189.98198700000302
trip_seconds,9,256,6024,0.0006899999999999684,254.53931700030807,65.873339999996
trip_seconds,9,512,11476,0.0,214.1752310017182,192.56990099999882
trip_seconds,9,1024,22744,0.0,76.09387200136553,65.34013099999925
trip_seconds,10,64,1800,0.012880000000000003,199.11274399782997,192.2647210000008
trip_seconds,10,128,3124,0.0007200000000000539,69.87901799948304,65.95864899999526
trip_seconds,10,256,6024,0.003969999999999918,232.1470959977887,189.84441700000332
trip_seconds,10,512,11476,0.00034999999999996145,220.80055200058268,62.77002600000259
trip_seconds,10,1024,22744,0.0,223.88475299885613,61.74077800000077
trip_seconds,11,64,1800,0.013110000000000066,65.52702099725138,62.32014399999741
trip_seconds,11,128,3124,0.005009999999999959,190.64990499828127,187.6604640000039
trip_seconds,11,256,6024,0.0010599999999999499,64.56386799982283,62.571767000001444
trip_seconds,11,512,11476,0.0,203.2072869988042,188.27921500000144
trip_seconds,11,1024,22744,0.0009900000000000464,239.45416099741124,189.00893600000046
trip_seconds,12,64,1800,0.011709999999999998,72.20847200005664,190.51146500000016
trip_seconds,12,128,3124,0.0015600000000000058,85.09941599913873,64.41320799999772
trip_seconds,12,256,6024,0.0038000000000000256,200.3025339981832,190.54662100000286
trip_seconds,12,512,11476,0.0005500000000000504,67.7744079985132,63.774237000004064
trip_seconds,12,1024,22744,0.0,208.72550700005377,191.04132400000395
trip_seconds,13,64,1800,0.005449999999999955,224.00528300204314,65.65342899999393
trip_seconds,13,128,3124,0.005680000000000018,65.23741199998767,64.05935400000118
trip_seconds,13,256,6024,0.0005700000000000705,193.55995600199094,62.971163000000274
trip_seconds,13,512,11476,0.00029000000000001247,75.31552100044792,64.53894399999882
trip_seconds,13,1024,22744,0.0005700000000000705,191.2744469991594,188.43987099999993
trip_seconds,14,64,1800,0.007199999999999984,196.84970199887175,191.82882100000143
trip_seconds,14,128,3124,0.0027800000000000047,92.35827199881896,67.06723199999942
trip_seconds,14,256,6024,0.0,201.12885399794322,190.99374299999994
trip_seconds,14,512,11476,0.0009200000000000319,200.10841699695447,193.21245700000134
trip_seconds,14,1024,22744,0.00012999999999996348,74.65436799975578,65.33107799999982
trip_seconds,15,64,1800,0.0048000000000000265,205.7426330029557,191.37637500000437
trip_seconds,15,128,3124,0.0026000000000000467,70.54710800002795,66.41819600000076
trip_seconds,15,256,6024,0.0,225.25961499923142,191.49588700000209
trip_seconds,15,512,11476,0.0008000000000000229,206.2781950007775,64.8451540000039
trip_seconds,15,1024,22744,0.0008000000000000229,65.30431200008024,63.307450000003485
trip_seconds,16,64,1800,0.0021300000000000208,210.3628650002065,190.27697100000296
trip_seconds,16,128,3124,0.003510000000000013,197.16572100151097,189.79130200000327
trip_seconds,16,256,6024,0.0018400000000000083,64.19809400176746,64.07212300000253
trip_seconds,16,512,11476,0.0,189.08410799849662,188.62484199999585
trip_seconds,16,1024,22744,0.0005899999999999794,92.50023700224119,66.53012099999955
trip_seconds,17,64,1800,0.002970000000000028,218.9466009986063,190.9073329999984
trip_seconds,17,128,3124,0.0023499999999999632,247.30062799790176,191.52841400000398
trip_seconds,17,256,6024,0.0032400000000000206,228.84459200213314,63.29239299999756
trip_seconds,17,512,11476,0.0008000000000000229,221.85523999723955,190.6967610000052
trip_seconds,17,1024,22744,0.00017999999999995797,247.39806700017652,192.752076000005
trip_seconds,18,64,1800,0.010090000000000043,249.4528499992157,195.57209899999606
trip_seconds,18,128,3124,0.005919999999999925,229.03444999974454,190.9785939999935
trip_seconds,18,256,6024,0.0012699999999999934,71.85528300033184,64.68545500000289
trip_seconds,18,512,11476,0.0006099999999999994,209.8290639987681,191.10840100000104
trip_seconds,18,1024,22744,0.0,220.28194000085932,191.173126999999
trip_seconds,19,64,1800,0.007770000000000006,71.25326199820847,64.68220400000035
trip_seconds,19,128,3124,0.0037399999999999656,218.26369300106307,190.93004500000177
trip_seconds,19,256,6024,0.0015300000000000313,249.6447179983079,63.62350699999553
trip_seconds,19,512,11476,0.0,213.32977999918512,191.4638100000019
trip_seconds,19,1024,22744,0.0,243.2984340011899,194.1862119999982
