units,budget,repeat,method,dp_granularity_bytes,runtime_ms,weighted_mean_error
30,75000,0,greedy,16,37.458688999322476,0.004531333333333286
30,75000,0,quantized_dp_16B,16,1004.2076420031663,0.004531333333333286
30,75000,1,greedy,16,162.89817000142648,0.004531333333333286
30,75000,1,quantized_dp_16B,16,1299.5132010000816,0.004531333333333286
30,75000,2,greedy,16,211.12337700105854,0.004531333333333286
30,75000,2,quantized_dp_16B,16,1009.5670049995533,0.004531333333333286
60,150000,0,greedy,16,184.82375999883516,0.005070666666666618
60,150000,0,quantized_dp_16B,16,4730.077313997754,0.005070666666666618
60,150000,1,greedy,16,76.36019900019164,0.005070666666666618
60,150000,1,quantized_dp_16B,16,5233.475625002029,0.005070666666666618
60,150000,2,greedy,16,188.03697700059274,0.005070666666666618
60,150000,2,quantized_dp_16B,16,5744.16131900216,0.005070666666666618
120,300000,0,greedy,16,234.20832799820346,0.005030333333333284
120,300000,0,quantized_dp_16B,16,22961.474293999345,0.005070666666666618
120,300000,1,greedy,16,273.26243499919656,0.005030333333333284
120,300000,1,quantized_dp_16B,16,23980.480493999494,0.005070666666666618
120,300000,2,greedy,16,458.9003600012802,0.005030333333333284
120,300000,2,quantized_dp_16B,16,22185.75703299939,0.005070666666666618
240,600000,0,greedy,16,551.4696310019644,0.005030333333333282
240,600000,0,quantized_dp_16B,16,117735.01842100086,0.005050499999999949
240,600000,1,greedy,16,981.9832049979595,0.005030333333333282
240,600000,1,quantized_dp_16B,16,113657.02484000212,0.005050499999999949
240,600000,2,greedy,16,669.4654419989092,0.005030333333333282
240,600000,2,quantized_dp_16B,16,137472.35445600018,0.005050499999999949
