units,candidate_k_values,upgrade_candidates,budget_bytes,used_bytes,accepted_upgrades,wall_seconds,peak_rss_mb,rss_growth_mb,seed,budget_fraction,repeat
1000,5,4000,9132500,9130750,2457,0.016090017998067196,32.00390625,1.0,20260912,0.35,0
1000,5,4000,9132500,9129650,2457,0.003768070000660373,32.00390625,0.0,20260913,0.35,1
1000,5,4000,9132500,9131850,2463,0.004595819002133794,32.00390625,0.0,20260914,0.35,2
10000,5,40000,91325000,91324450,24599,0.06544055500125978,33.75390625,1.75,20260912,0.35,0
10000,5,40000,91325000,91324150,24610,0.04603856700123288,33.75390625,0.0,20260913,0.35,1
10000,5,40000,91325000,91323450,24592,0.04085142600160907,33.75390625,0.0,20260914,0.35,2
100000,5,400000,913250000,913249800,246070,0.5427149630013446,49.57421875,15.8203125,20260912,0.35,0
100000,5,400000,913250000,913248900,245937,0.5401463240013982,49.57421875,0.0,20260913,0.35,1
100000,5,400000,913250000,913249800,245927,0.5544314020007732,49.57421875,0.0,20260914,0.35,2
1000000,5,4000000,9132500000,9132499700,2460079,7.719161307999457,204.19140625,154.6171875,20260912,0.35,0
1000000,5,4000000,9132500000,9132499750,2459126,7.395620155999495,204.19140625,0.0,20260913,0.35,1
1000000,5,4000000,9132500000,9132498900,2459791,6.750055081000028,204.19140625,0.0,20260914,0.35,2
