method,used_bytes,weighted_mean_error,weighted_target_hit_rate,runtime_ms,within_budget,budget,target,weight_profile
benefit_per_byte,149044,0.005070666666666618,0.5166666666666667,45.289061999937985,True,150000,0.005,uniform
largest_error_first,149044,0.005242499999999954,0.4666666666666667,464.24435200060543,True,150000,0.005,uniform
weight_proportional,108000,0.00988216666666662,0.11666666666666667,32.3651990001963,True,150000,0.005,uniform
exact_dp,149044,0.005070666666666618,0.5166666666666667,2995.5962399999407,True,150000,0.005,uniform
benefit_per_byte,149548,0.004985749999999946,0.55,171.0976849990402,True,150000,0.005,total_heavy
largest_error_first,148980,0.00534699999999995,0.5916666666666667,348.3622900002956,True,150000,0.005,total_heavy
weight_proportional,134480,0.006188833333333283,0.4166666666666667,168.5654960001557,True,150000,0.005,total_heavy
exact_dp,149548,0.004934999999999943,0.55,3325.626243999068,True,150000,0.005,total_heavy
benefit_per_byte,149296,0.004171083333333284,0.6916666666666667,212.98819200092112,True,150000,0.005,seconds_heavy
largest_error_first,148980,0.004450833333333289,0.7083333333333334,659.1679630000726,True,150000,0.005,seconds_heavy
weight_proportional,134480,0.0056550833333332915,0.5916666666666667,32.51833899958001,True,150000,0.005,seconds_heavy
exact_dp,149548,0.004085166666666621,0.6833333333333333,3704.591576999519,True,150000,0.005,seconds_heavy
benefit_per_byte,149044,0.005070666666666618,0.9666666666666667,40.46687299887708,True,150000,0.01,uniform
largest_error_first,149044,0.005242499999999954,1.0,471.42764199998055,True,150000,0.01,uniform
weight_proportional,108000,0.00988216666666662,0.6,52.91701200076204,True,150000,0.01,uniform
exact_dp,149044,0.005070666666666618,0.9666666666666667,3027.2333760003676,True,150000,0.01,uniform
benefit_per_byte,149548,0.004985749999999946,0.9666666666666667,72.883542999989,True,150000,0.01,total_heavy
largest_error_first,148980,0.00534699999999995,0.8916666666666667,438.99183600115066,True,150000,0.01,total_heavy
weight_proportional,134480,0.006188833333333283,0.8833333333333333,30.88489499896241,True,150000,0.01,total_heavy
exact_dp,149548,0.004934999999999943,0.9583333333333334,3276.4234189999115,True,150000,0.01,total_heavy
benefit_per_byte,149296,0.004171083333333284,0.975,166.77330999846163,True,150000,0.01,seconds_heavy
largest_error_first,148980,0.004450833333333289,0.9,300.9946910005965,True,150000,0.01,seconds_heavy
weight_proportional,134480,0.0056550833333332915,0.8666666666666667,34.06240699951013,True,150000,0.01,seconds_heavy
exact_dp,149548,0.004085166666666621,0.9583333333333334,3841.7093150001165,True,150000,0.01,seconds_heavy
benefit_per_byte,198976,0.003400499999999946,0.7833333333333333,174.46477900011814,True,200000,0.005,uniform
largest_error_first,198724,0.0034094999999999534,0.8,807.0344009993278,True,200000,0.005,uniform
weight_proportional,187440,0.004108833333333285,0.6666666666666666,165.64123300122446,True,200000,0.005,uniform
exact_dp,199796,0.0032871666666666167,0.8,4786.916659999406,True,200000,0.005,uniform
benefit_per_byte,199132,0.0034008333333332753,0.7583333333333333,43.05768599988369,True,200000,0.005,total_heavy
largest_error_first,199632,0.0036999166666666135,0.75,694.0688419999788,True,200000,0.005,total_heavy
weight_proportional,134480,0.006188833333333283,0.4166666666666667,30.376126000192016,True,200000,0.005,total_heavy
exact_dp,199480,0.0029919166666666085,0.85,5007.177800000136,True,200000,0.005,total_heavy
benefit_per_byte,198880,0.0027044999999999582,0.7916666666666666,176.96639799942204,True,200000,0.005,seconds_heavy
largest_error_first,198720,0.0028419166666666176,0.7666666666666667,791.878429999997,True,200000,0.005,seconds_heavy
weight_proportional,134480,0.0056550833333332915,0.5916666666666667,30.13839800041751,True,200000,0.005,seconds_heavy
exact_dp,199228,0.002433249999999959,0.85,5345.82093499921,True,200000,0.005,seconds_heavy
benefit_per_byte,198976,0.003400499999999946,1.0,174.973057999523,True,200000,0.01,uniform
largest_error_first,198724,0.0034094999999999534,1.0,784.4510720005928,True,200000,0.01,uniform
weight_proportional,187440,0.004108833333333285,1.0,39.149269001427456,True,200000,0.01,uniform
exact_dp,199796,0.0032871666666666167,1.0,4899.5528989999,True,200000,0.01,uniform
benefit_per_byte,199132,0.0034008333333332753,1.0,38.182733000212465,True,200000,0.01,total_heavy
largest_error_first,199632,0.0036999166666666135,0.9166666666666666,553.4790919991792,True,200000,0.01,total_heavy
weight_proportional,134480,0.006188833333333283,0.8833333333333333,31.819338000786956,True,200000,0.01,total_heavy
exact_dp,199480,0.0029919166666666085,1.0,4991.026400999544,True,200000,0.01,total_heavy
benefit_per_byte,198880,0.0027044999999999582,1.0,52.90292499921634,True,200000,0.01,seconds_heavy
largest_error_first,198720,0.0028419166666666176,1.0,746.8557089996466,True,200000,0.01,seconds_heavy
weight_proportional,134480,0.0056550833333332915,0.8666666666666667,167.80052200010687,True,200000,0.01,seconds_heavy
exact_dp,199228,0.002433249999999959,1.0,5792.649265000364,True,200000,0.01,seconds_heavy
benefit_per_byte,249724,0.0026701666666666198,0.8333333333333334,37.591837999571,True,250000,0.005,uniform
largest_error_first,249724,0.0024599999999999535,1.0,1150.2370119997067,True,250000,0.005,uniform
weight_proportional,187440,0.004108833333333285,0.6666666666666666,39.39386300044134,True,250000,0.005,uniform
exact_dp,248844,0.002217166666666618,0.95,5966.980758999853,True,250000,0.005,uniform
benefit_per_byte,249724,0.002797749999999946,0.8166666666666667,41.700908999700914,True,250000,0.005,total_heavy
largest_error_first,248772,0.002429333333333282,0.8416666666666667,967.4189970010048,True,250000,0.005,total_heavy
weight_proportional,192480,0.004507833333333282,0.6833333333333333,34.967384999617934,True,250000,0.005,total_heavy
exact_dp,249784,0.002152083333333278,0.9166666666666666,6513.9117229991825,True,250000,0.005,total_heavy
benefit_per_byte,249628,0.002129916666666632,0.8666666666666667,170.92177899939998,True,250000,0.005,seconds_heavy
largest_error_first,249340,0.002027416666666628,0.8416666666666667,1007.1729629999027,True,250000,0.005,seconds_heavy
weight_proportional,192480,0.00450008333333329,0.6916666666666667,34.539647998826695,True,250000,0.005,seconds_heavy
exact_dp,249724,0.001718666666666629,0.9416666666666667,7484.069935999287,True,250000,0.005,seconds_heavy
benefit_per_byte,249724,0.0026701666666666198,1.0,42.00770600073156,True,250000,0.01,uniform
largest_error_first,249724,0.0024599999999999535,1.0,1105.066629999783,True,250000,0.01,uniform
weight_proportional,187440,0.004108833333333285,1.0,166.05680599968764,True,250000,0.01,uniform
exact_dp,248844,0.002217166666666618,1.0,5557.436303999566,True,250000,0.01,uniform
benefit_per_byte,249724,0.002797749999999946,1.0,175.8898690004571,True,250000,0.01,total_heavy
largest_error_first,248772,0.002429333333333282,1.0,976.8357140001172,True,250000,0.01,total_heavy
weight_proportional,192480,0.004507833333333282,0.8833333333333333,51.42845599948487,True,250000,0.01,total_heavy
exact_dp,249784,0.002152083333333278,1.0,6993.577085000652,True,250000,0.01,total_heavy
benefit_per_byte,249628,0.002129916666666632,1.0,173.0059830006212,True,250000,0.01,seconds_heavy
largest_error_first,249340,0.002027416666666628,1.0,1024.7901729999285,True,250000,0.01,seconds_heavy
weight_proportional,192480,0.00450008333333329,0.8666666666666667,31.07104800074012,True,250000,0.01,seconds_heavy
exact_dp,249724,0.001718666666666629,1.0,7450.99953999852,True,250000,0.01,seconds_heavy
benefit_per_byte,299932,0.0024119999999999532,0.8333333333333334,37.64746699926036,True,300000,0.005,uniform
largest_error_first,299652,0.0018271666666666217,1.0,1503.2237049999821,True,300000,0.005,uniform
weight_proportional,187440,0.004108833333333285,0.6666666666666666,168.13705300046422,True,300000,0.005,uniform
exact_dp,298076,0.0016923333333332914,0.9833333333333333,6555.075749000025,True,300000,0.005,uniform
benefit_per_byte,299488,0.002491999999999944,0.8166666666666667,185.41270900095697,True,300000,0.005,total_heavy
largest_error_first,299644,0.0017877499999999426,0.9416666666666667,1247.6407879985345,True,300000,0.005,total_heavy
weight_proportional,245440,0.002753916666666614,0.875,33.63584900034766,True,300000,0.005,total_heavy
exact_dp,299304,0.0015863333333332795,0.9833333333333333,7955.59868700002,True,300000,0.005,total_heavy
benefit_per_byte,299852,0.0018539999999999655,0.8666666666666667,41.85062699980335,True,300000,0.005,seconds_heavy
largest_error_first,299852,0.001478999999999969,0.9333333333333333,1273.5632509975403,True,300000,0.005,seconds_heavy
weight_proportional,245440,0.002544916666666623,0.8583333333333333,177.23868800021592,True,300000,0.005,seconds_heavy
exact_dp,299304,0.0012718333333332948,0.975,8469.668162000744,True,300000,0.005,seconds_heavy
benefit_per_byte,299932,0.0024119999999999532,1.0,42.16225900017889,True,300000,0.01,uniform
largest_error_first,299652,0.0018271666666666217,1.0,1273.4351690014591,True,300000,0.01,uniform
weight_proportional,187440,0.004108833333333285,1.0,172.0796000008704,True,300000,0.01,uniform
exact_dp,298076,0.0016923333333332914,1.0,7004.767340000399,True,300000,0.01,uniform
benefit_per_byte,299488,0.002491999999999944,1.0,63.80418200205895,True,300000,0.01,total_heavy
largest_error_first,299644,0.0017877499999999426,1.0,1244.288914000208,True,300000,0.01,total_heavy
weight_proportional,245440,0.002753916666666614,1.0,160.5071300000418,True,300000,0.01,total_heavy
exact_dp,299304,0.0015863333333332795,1.0,8042.9134179976245,True,300000,0.01,total_heavy
benefit_per_byte,299852,0.0018539999999999655,1.0,44.98413600231288,True,300000,0.01,seconds_heavy
largest_error_first,299852,0.001478999999999969,1.0,1272.7913260023342,True,300000,0.01,seconds_heavy
weight_proportional,245440,0.002544916666666623,1.0,55.74271799923736,True,300000,0.01,seconds_heavy
exact_dp,299304,0.0012718333333332948,1.0,8222.576352000033,True,300000,0.01,seconds_heavy
