units,epoch_size,bytes_per_unit,budget,weight_profile,method,used_bytes,weighted_mean_error,weighted_target_hit_rate,runtime_ms,within_budget,winner,hasp_error,lef_error,hasp_error_reduction_vs_lef_pct,hasp_hit_rate,lef_hit_rate,hasp_runtime_ms,lef_runtime_ms
558,50000,2000,1116000,uniform,benefit_per_byte,1115696.0,0.007642001891449556,0.24193548387096775,1331.8697109998539,True,,,,,,,,
558,50000,2000,1116000,uniform,largest_error_first,1115696.0,0.007749779669227335,0.2060931899641577,26496.661884000787,True,,,,,,,,
558,50000,2000,1116000,uniform,comparison,,,,,True,hasp,0.007642001891449556,0.007749779669227335,1.3907205414592683,0.24193548387096775,0.2060931899641577,1331.8697109998539,26496.661884000787
558,50000,2000,1116000,total_heavy,benefit_per_byte,1115688.0,0.006777100320715135,0.37544802867383514,1360.7299949999287,True,,,,,,,,
558,50000,2000,1116000,total_heavy,largest_error_first,1115668.0,0.006970827919281444,0.3279569892473118,23683.848962999946,True,,,,,,,,
558,50000,2000,1116000,total_heavy,comparison,,,,,True,hasp,0.006777100320715135,0.006970827919281444,2.7791189340717266,0.37544802867383514,0.3279569892473118,1360.7299949999287,23683.848962999946
558,50000,2000,1116000,seconds_heavy,benefit_per_byte,1115736.0,0.00683820743631554,0.36469534050179214,1270.9118250004394,True,,,,,,,,
558,50000,2000,1116000,seconds_heavy,largest_error_first,1115712.0,0.007042078404057479,0.30197132616487454,23916.210237000087,True,,,,,,,,
558,50000,2000,1116000,seconds_heavy,comparison,,,,,True,hasp,0.00683820743631554,0.007042078404057479,2.895039731799537,0.36469534050179214,0.30197132616487454,1270.9118250004394,23916.210237000087
558,50000,2500,1395000,uniform,benefit_per_byte,1393788.0,0.005391482297089248,0.4874551971326165,1245.2213179994942,True,,,,,,,,
558,50000,2500,1395000,uniform,largest_error_first,1393660.0,0.005651517651328013,0.3942652329749104,63566.731001000335,True,,,,,,,,
558,50000,2500,1395000,uniform,comparison,,,,,True,hasp,0.005391482297089248,0.005651517651328013,4.601159728797122,0.4874551971326165,0.3942652329749104,1245.2213179994942,63566.731001000335
558,50000,2500,1395000,total_heavy,benefit_per_byte,1394980.0,0.00496445890338117,0.5663082437275986,1305.4386859994338,True,,,,,,,,
558,50000,2500,1395000,total_heavy,largest_error_first,1393732.0,0.005335501925244203,0.6630824372759857,50964.16252900053,True,,,,,,,,
558,50000,2500,1395000,total_heavy,comparison,,,,,True,hasp,0.00496445890338117,0.005335501925244203,6.9542289940425865,0.5663082437275986,0.6630824372759857,1305.4386859994338,50964.16252900053
558,50000,2500,1395000,seconds_heavy,benefit_per_byte,1394944.0,0.004828601701548514,0.6075268817204301,1478.4609019998243,True,,,,,,,,
558,50000,2500,1395000,seconds_heavy,largest_error_first,1394772.0,0.005167526432731315,0.6953405017921147,60573.33175900021,True,,,,,,,,
558,50000,2500,1395000,seconds_heavy,comparison,,,,,True,hasp,0.004828601701548514,0.005167526432731315,6.558742090529783,0.6075268817204301,0.6953405017921147,1478.4609019998243,60573.33175900021
558,50000,3000,1674000,uniform,benefit_per_byte,1672908.0,0.004307288748702154,0.6648745519713262,1752.4911800001064,True,,,,,,,,
558,50000,3000,1674000,uniform,largest_error_first,1672884.0,0.004458996591856507,0.5842293906810035,97547.79087399947,True,,,,,,,,
558,50000,3000,1674000,uniform,comparison,,,,,True,hasp,0.004307288748702154,0.004458996591856507,3.402286591369408,0.6648745519713262,0.5842293906810035,1752.4911800001064,97547.79087399947
558,50000,3000,1674000,total_heavy,benefit_per_byte,1673016.0,0.004084736496582041,0.6899641577060932,1242.763229999582,True,,,,,,,,
558,50000,3000,1674000,total_heavy,largest_error_first,1673660.0,0.004318835258577536,0.717741935483871,74067.32600500072,True,,,,,,,,
558,50000,3000,1674000,total_heavy,comparison,,,,,True,hasp,0.004084736496582041,0.004318835258577536,5.420414254759007,0.6899641577060932,0.717741935483871,1242.763229999582,74067.32600500072
558,50000,3000,1674000,seconds_heavy,benefit_per_byte,1672812.0,0.0038161646695904273,0.7419354838709677,1258.0151199999818,True,,,,,,,,
558,50000,3000,1674000,seconds_heavy,largest_error_first,1673380.0,0.004084323721558147,0.7267025089605734,83987.63574399982,True,,,,,,,,
558,50000,3000,1674000,seconds_heavy,comparison,,,,,True,hasp,0.0038161646695904273,0.004084323721558147,6.56556801686177,0.7419354838709677,0.7267025089605734,1258.0151199999818,83987.63574399982
558,50000,4000,2232000,uniform,benefit_per_byte,2231388.0,0.0032564159466952148,0.8261648745519713,1738.9451429999099,True,,,,,,,,
558,50000,4000,2232000,uniform,largest_error_first,2231284.0,0.0030495540670957165,0.9605734767025089,174317.2259559997,True,,,,,,,,
558,50000,4000,2232000,uniform,comparison,,,,,True,lef,0.0032564159466952148,0.0030495540670957165,-6.783348484668972,0.8261648745519713,0.9605734767025089,1738.9451429999099,174317.2259559997
558,50000,4000,2232000,total_heavy,benefit_per_byte,2231660.0,0.003283983808409999,0.7768817204301075,1516.1118810001426,True,,,,,,,,
558,50000,4000,2232000,total_heavy,largest_error_first,2231484.0,0.003164910527394738,0.7706093189964157,142200.63256599952,True,,,,,,,,
558,50000,4000,2232000,total_heavy,comparison,,,,,True,lef,0.003283983808409999,0.003164910527394738,-3.7622953314032084,0.7768817204301075,0.7706093189964157,1516.1118810001426,142200.63256599952
558,50000,4000,2232000,seconds_heavy,benefit_per_byte,2231568.0,0.002960651300765513,0.8333333333333334,1759.6934009998222,True,,,,,,,,
558,50000,4000,2232000,seconds_heavy,largest_error_first,2230904.0,0.0029929691781715117,0.7831541218637993,121050.4018769998,True,,,,,,,,
558,50000,4000,2232000,seconds_heavy,comparison,,,,,True,hasp,0.002960651300765513,0.0029929691781715117,1.0797931913800216,0.8333333333333334,0.7831541218637993,1759.6934009998222,121050.4018769998
