replicate,metric,path,exists,row_count,file_bytes,sha256
2019q1,trip_total,results/replicates/2019q1/chicago-total/stream.csv,True,2000000,63801250,55a31a3656c346db0f67883819b8847e41af1ac0d48a261cba21e01f9f9ab13d
2019q1,trip_miles,results/replicates/2019q1/chicago-miles/stream.csv,True,2000000,62173178,2307c059675ab93ed695fdfa7e98c7e6a243104343a4b47c4676fab47f317b68
2019q1,trip_seconds,results/replicates/2019q1/chicago-seconds/stream.csv,True,2000000,66217712,df10222b6febf88633e5a4bbf18f95c0c9d5b98a6b18ab7e3e57880da97f86c4
2019q2,trip_total,results/replicates/2019q2/chicago-total/stream.csv,True,2000000,63925326,ea4ebd37cf213edb1111afdcde674754635a150663273daecdbd9a871240115c
2019q2,trip_miles,results/replicates/2019q2/chicago-miles/stream.csv,True,2000000,62587202,f2a27b239f17a02b5bcd1ec2d4d122e10ea0d84aca6e9c1d0c732880bea8cd98
2019q2,trip_seconds,results/replicates/2019q2/chicago-seconds/stream.csv,True,2000000,66348755,7d8fb50e545424bf4003263e073a9c4711a7a4adebe0b2dd4b7bde109a743d48
2019q3,trip_total,results/replicates/2019q3/chicago-total/stream.csv,True,1298087,41531937,1aec77d14b765492302d9414a0106396a29b14460ccc204d20d74dff1f691df0
2019q3,trip_miles,results/replicates/2019q3/chicago-miles/stream.csv,True,1298176,40909741,5a848d582f9e1b3ffeab6e8240981b29270d68851da00858775f511fa1f55f3d
2019q3,trip_seconds,results/replicates/2019q3/chicago-seconds/stream.csv,True,1297964,43108794,359fa7245f1ff16625952133b35d014cb4c9637411c33d6113150c147930d44a
2019q4,trip_total,results/replicates/2019q4/chicago-total/stream.csv,True,2000000,63979078,99502de7aa54c456d8039f04f10e161326b29ab0e80a2c9d36296fec0ba0eb4e
2019q4,trip_miles,results/replicates/2019q4/chicago-miles/stream.csv,True,2000000,63039429,40f7715e80a0b9bbbc957b7247565ba70e4833c6bf3b1d54a0c3b0ed8947a39f
2019q4,trip_seconds,results/replicates/2019q4/chicago-seconds/stream.csv,True,2000000,66434445,16c9d4184ded6167791244c27227675c49b257bc8c7d293412787714ee76cfec
2020q1,trip_total,results/replicates/2020q1/chicago-total/stream.csv,True,2000000,63911917,cee2e194975b39dcfab5b59fed50415ccb0b3645c5829107831e66be1798a011
2020q1,trip_miles,results/replicates/2020q1/chicago-miles/stream.csv,True,2000000,62989148,2b038d87ac0fc0020a7f7bcf2af1cb56faaff0da27250d09ce3c21e08008aac1
2020q1,trip_seconds,results/replicates/2020q1/chicago-seconds/stream.csv,True,2000000,66344862,5a84f20291fe4c38d3ec359a261283b83c46057e2664a998ad95450c67fe8ca6
